School,Year,Total_Players,Underclassmen,Upperclassmen,Total_Transfers_Incoming,Pct_Transfers,Pct_Non_Transfers
Abilene Christian,2022,104,51,52,9.0,8.653846153846153,91.34615384615384
Abilene Christian,2023,51,16,33,4.0,7.8431372549019605,92.15686274509804
Abilene Christian,2024,43,14,26,13.0,30.23255813953488,69.76744186046511
Abilene Christian,2025,106,39,55,17.0,16.037735849056602,83.9622641509434
Adrian,2025,15,0,0,0.0,0.0,100.0
Air Force,2022,115,9,106,0.0,0.0,100.0
Air Force,2023,126,7,118,0.0,0.0,100.0
Air Force,2024,130,16,113,0.0,0.0,100.0
Air Force,2025,141,60,78,0.0,0.0,100.0
Akron,2022,111,27,84,15.0,13.513513513513514,86.48648648648648
Akron,2023,106,34,72,4.0,3.7735849056603774,96.22641509433963
Akron,2024,108,45,63,15.0,13.88888888888889,86.11111111111111
Akron,2025,104,55,49,17.0,16.346153846153847,83.65384615384616
Alabama,2022,136,16,120,5.0,3.6764705882352944,96.32352941176471
Alabama,2023,138,32,106,5.0,3.6231884057971016,96.3768115942029
Alabama,2024,133,61,72,14.0,10.526315789473683,89.47368421052632
Alabama,2025,127,74,52,11.0,8.661417322834646,91.33858267716535
Alabama A&M,2022,105,36,68,11.0,10.476190476190476,89.52380952380952
Alabama A&M,2023,57,15,28,2.0,3.508771929824561,96.49122807017544
Alabama A&M,2024,56,23,20,9.0,16.071428571428573,83.92857142857143
Alabama A&M,2025,128,71,52,2.0,1.5625,98.4375
Alabama State,2022,121,70,51,7.0,5.785123966942149,94.21487603305785
Alabama State,2023,46,23,14,1.0,2.1739130434782608,97.82608695652173
Alabama State,2024,48,21,20,3.0,6.25,93.75
Alabama State,2025,121,81,39,6.0,4.958677685950414,95.04132231404958
Albany State GA,2022,11,0,1,0.0,0.0,100.0
Albany State GA,2025,14,1,0,0.0,0.0,100.0
Alcorn State,2022,106,35,71,4.0,3.7735849056603774,96.22641509433963
Alcorn State,2023,55,14,32,1.0,1.8181818181818181,98.18181818181819
Alcorn State,2024,58,10,37,1.0,1.7241379310344827,98.27586206896552
Alcorn State,2025,117,37,76,4.0,3.418803418803419,96.58119658119658
Allen,2025,10,2,0,0.0,0.0,100.0
American International,2023,8,0,0,0.0,0.0,100.0
American International,2025,17,0,0,0.0,0.0,100.0
App State,2022,116,28,88,9.0,7.758620689655173,92.24137931034483
App State,2023,115,40,75,13.0,11.304347826086957,88.69565217391305
App State,2024,120,55,65,15.0,12.5,87.5
App State,2025,113,63,45,32.0,28.31858407079646,71.68141592920354
Arizona,2022,110,21,89,8.0,7.2727272727272725,92.72727272727273
Arizona,2023,110,33,77,8.0,7.2727272727272725,92.72727272727273
Arizona,2024,109,48,61,24.0,22.018348623853214,77.98165137614679
Arizona,2025,111,55,56,30.0,27.027027027027028,72.97297297297297
Arizona State,2022,112,25,87,13.0,11.607142857142858,88.39285714285714
Arizona State,2023,118,38,80,30.0,25.423728813559322,74.57627118644068
Arizona State,2024,120,53,67,28.0,23.333333333333332,76.66666666666667
Arizona State,2025,108,60,48,17.0,15.74074074074074,84.25925925925927
Arkansas,2022,118,27,91,9.0,7.627118644067797,92.37288135593221
Arkansas,2023,121,38,83,17.0,14.049586776859504,85.9504132231405
Arkansas,2024,124,56,68,22.0,17.741935483870968,82.25806451612902
Arkansas,2025,115,63,52,31.0,26.956521739130434,73.04347826086956
Arkansas State,2022,126,49,77,11.0,8.73015873015873,91.26984126984127
Arkansas State,2023,121,47,73,8.0,6.6115702479338845,93.38842975206612
Arkansas State,2024,123,60,63,17.0,13.821138211382115,86.17886178861788
Arkansas State,2025,123,77,46,32.0,26.01626016260163,73.98373983739837
Arkansas-Pine Bluff,2022,99,54,45,0.0,0.0,100.0
Arkansas-Pine Bluff,2023,48,25,19,0.0,0.0,100.0
Arkansas-Pine Bluff,2024,55,18,25,3.0,5.454545454545454,94.54545454545455
Arkansas-Pine Bluff,2025,95,44,51,1.0,1.0526315789473684,98.94736842105263
Army,2022,164,42,122,0.0,0.0,100.0
Army,2023,180,43,137,0.0,0.0,100.0
Army,2024,182,85,97,0.0,0.0,100.0
Army,2025,180,114,63,0.0,0.0,100.0
Assumption,2022,18,1,0,0.0,0.0,100.0
Auburn,2022,115,27,88,11.0,9.565217391304348,90.43478260869566
Auburn,2023,119,36,83,21.0,17.647058823529413,82.35294117647058
Auburn,2024,121,54,67,15.0,12.396694214876034,87.60330578512396
Auburn,2025,116,68,44,21.0,18.103448275862068,81.89655172413794
Augustana University (SD),2024,16,2,1,0.0,0.0,100.0
Austin Peay,2022,110,41,68,1.0,0.9090909090909091,99.0909090909091
Austin Peay,2023,43,8,32,3.0,6.976744186046512,93.02325581395348
Austin Peay,2024,39,12,24,17.0,43.58974358974359,56.41025641025641
Austin Peay,2025,110,61,49,23.0,20.909090909090907,79.0909090909091
Ave Maria University,2024,21,0,0,0.0,0.0,100.0
BLUEFIELD,2025,14,0,0,0.0,0.0,100.0
BYU,2022,125,24,101,4.0,3.2,96.8
BYU,2023,121,32,89,20.0,16.528925619834713,83.47107438016529
BYU,2024,125,56,67,9.0,7.199999999999999,92.8
BYU,2025,115,73,42,13.0,11.304347826086957,88.69565217391305
Ball State,2022,112,35,77,5.0,4.464285714285714,95.53571428571429
Ball State,2023,118,48,69,10.0,8.47457627118644,91.52542372881356
Ball State,2024,120,63,55,11.0,9.166666666666666,90.83333333333333
Ball State,2025,109,66,43,24.0,22.018348623853214,77.98165137614679
Baylor,2022,112,12,100,3.0,2.6785714285714284,97.32142857142857
Baylor,2023,109,28,81,13.0,11.926605504587156,88.07339449541284
Baylor,2024,110,38,72,16.0,14.545454545454545,85.45454545454545
Baylor,2025,117,66,49,23.0,19.65811965811966,80.34188034188034
Bentley,2025,18,0,0,0.0,0.0,100.0
Bethune-Cookman,2022,108,38,68,1.0,0.9259259259259258,99.07407407407408
Bethune-Cookman,2023,58,12,27,3.0,5.172413793103448,94.82758620689656
Bethune-Cookman,2024,59,18,32,9.0,15.254237288135593,84.7457627118644
Bethune-Cookman,2025,92,58,34,5.0,5.434782608695652,94.56521739130434
Black Hills State,2023,12,0,0,0.0,0.0,100.0
Black Hills State,2024,14,0,2,0.0,0.0,100.0
Bloomsburg,2022,13,0,1,0.0,0.0,100.0
Boise State,2022,106,19,87,3.0,2.8301886792452833,97.16981132075472
Boise State,2023,110,36,74,9.0,8.181818181818182,91.81818181818181
Boise State,2024,115,48,67,8.0,6.956521739130435,93.04347826086956
Boise State,2025,109,59,50,12.0,11.009174311926607,88.99082568807339
Boston College,2022,108,11,97,4.0,3.7037037037037033,96.29629629629629
Boston College,2023,118,24,93,9.0,7.627118644067797,92.37288135593221
Boston College,2024,118,44,73,10.0,8.47457627118644,91.52542372881356
Boston College,2025,124,77,47,15.0,12.096774193548388,87.90322580645162
Bowie State,2023,12,2,0,0.0,0.0,100.0
Bowie State,2025,16,2,0,0.0,0.0,100.0
Bowling Green,2022,108,14,94,6.0,5.555555555555555,94.44444444444444
Bowling Green,2023,108,25,83,3.0,2.7777777777777777,97.22222222222223
Bowling Green,2024,109,44,65,13.0,11.926605504587156,88.07339449541284
Bowling Green,2025,108,67,41,21.0,19.444444444444446,80.55555555555556
Brown,2022,114,26,88,0.0,0.0,100.0
Brown,2023,34,5,27,0.0,0.0,100.0
Brown,2024,33,10,23,0.0,0.0,100.0
Brown,2025,107,53,54,0.0,0.0,100.0
Bryant,2022,128,42,86,0.0,0.0,100.0
Bryant,2023,48,8,37,0.0,0.0,100.0
Bryant,2024,37,8,23,7.0,18.91891891891892,81.08108108108108
Bryant,2025,133,72,61,5.0,3.7593984962406015,96.2406015037594
Bucknell,2022,94,36,58,1.0,1.0638297872340425,98.93617021276596
Bucknell,2023,45,15,30,1.0,2.2222222222222223,97.77777777777777
Bucknell,2024,43,20,22,2.0,4.651162790697675,95.34883720930233
Bucknell,2025,103,60,43,4.0,3.8834951456310676,96.11650485436893
Buffalo,2022,113,25,88,21.0,18.58407079646018,81.41592920353982
Buffalo,2023,108,25,83,10.0,9.25925925925926,90.74074074074073
Buffalo,2024,119,56,63,17.0,14.285714285714285,85.71428571428572
Buffalo,2025,114,66,48,8.0,7.017543859649122,92.98245614035088
Buffalo State,2024,12,0,0,0.0,0.0,100.0
Butler,2022,109,53,56,1.0,0.9174311926605505,99.08256880733946
Butler,2023,28,10,18,0.0,0.0,100.0
Butler,2024,42,15,22,2.0,4.761904761904762,95.23809523809524
Butler,2025,108,68,40,4.0,3.7037037037037033,96.29629629629629
Cal Poly,2022,107,51,56,0.0,0.0,100.0
Cal Poly,2023,47,18,26,4.0,8.51063829787234,91.48936170212767
Cal Poly,2024,56,24,28,2.0,3.571428571428571,96.42857142857143
Cal Poly,2025,121,75,45,8.0,6.6115702479338845,93.38842975206612
California,2022,115,28,86,6.0,5.217391304347826,94.78260869565217
California,2023,118,34,83,20.0,16.94915254237288,83.05084745762713
California,2024,116,50,66,23.0,19.82758620689655,80.17241379310344
California,2025,114,68,46,36.0,31.57894736842105,68.42105263157895
Campbell,2022,127,53,74,4.0,3.149606299212598,96.85039370078741
Campbell,2023,47,17,26,6.0,12.76595744680851,87.23404255319149
Campbell,2024,47,19,25,7.0,14.893617021276595,85.1063829787234
Campbell,2025,103,63,39,7.0,6.796116504854369,93.20388349514563
Catawba,2024,14,1,0,0.0,0.0,100.0
Central Arkansas,2022,106,54,52,6.0,5.660377358490567,94.33962264150944
Central Arkansas,2023,52,17,27,1.0,1.9230769230769231,98.07692307692308
Central Arkansas,2024,49,20,25,1.0,2.0408163265306123,97.95918367346938
Central Arkansas,2025,116,65,50,10.0,8.620689655172415,91.37931034482759
Central Connecticut,2022,95,43,52,0.0,0.0,100.0
Central Connecticut,2023,54,14,27,0.0,0.0,100.0
Central Connecticut,2024,53,18,30,2.0,3.7735849056603774,96.22641509433963
Central Connecticut,2025,102,60,42,2.0,1.9607843137254901,98.03921568627452
Central Michigan,2022,120,32,88,2.0,1.6666666666666667,98.33333333333333
Central Michigan,2023,118,46,70,2.0,1.694915254237288,98.30508474576271
Central Michigan,2024,118,55,63,6.0,5.084745762711865,94.91525423728814
Central Michigan,2025,107,59,46,10.0,9.345794392523365,90.65420560747664
Central State (OH),2023,13,3,1,0.0,0.0,100.0
Central State (OH),2024,14,0,0,0.0,0.0,100.0
Central State (OH),2025,15,0,0,0.0,0.0,100.0
Central Washington,2024,10,0,0,1.0,10.0,90.0
Central Washington,2025,15,4,0,2.0,13.333333333333334,86.66666666666667
Chadron St,2022,18,0,0,0.0,0.0,100.0
Chadron St,2025,12,2,0,0.0,0.0,100.0
Charleston Southern,2022,103,62,40,0.0,0.0,100.0
Charleston Southern,2023,57,24,21,0.0,0.0,100.0
Charleston Southern,2024,49,19,23,0.0,0.0,100.0
Charleston Southern,2025,108,69,38,4.0,3.7037037037037033,96.29629629629629
Charlotte,2022,127,44,83,3.0,2.3622047244094486,97.63779527559055
Charlotte,2023,122,36,84,17.0,13.934426229508196,86.06557377049181
Charlotte,2024,118,41,77,28.0,23.728813559322035,76.27118644067797
Charlotte,2025,109,43,58,34.0,31.19266055045872,68.80733944954127
Chattanooga,2022,87,35,52,4.0,4.597701149425287,95.40229885057471
Chattanooga,2023,40,12,27,0.0,0.0,100.0
Chattanooga,2024,51,18,31,4.0,7.8431372549019605,92.15686274509804
Chattanooga,2025,103,63,39,6.0,5.825242718446602,94.1747572815534
Cincinnati,2022,116,17,99,7.0,6.0344827586206895,93.96551724137932
Cincinnati,2023,112,29,83,21.0,18.75,81.25
Cincinnati,2024,116,48,68,24.0,20.689655172413794,79.3103448275862
Cincinnati,2025,110,65,45,20.0,18.181818181818183,81.81818181818181
Clark Atlanta,2024,11,0,0,0.0,0.0,100.0
Clemson,2022,135,12,123,1.0,0.7407407407407408,99.25925925925925
Clemson,2023,134,32,101,1.0,0.7462686567164178,99.25373134328358
Clemson,2024,136,58,78,0.0,0.0,100.0
Clemson,2025,126,69,57,4.0,3.1746031746031744,96.82539682539682
Coastal Carolina,2022,120,26,94,4.0,3.3333333333333335,96.66666666666667
Coastal Carolina,2023,116,22,94,13.0,11.206896551724139,88.79310344827586
Coastal Carolina,2024,120,47,73,18.0,15.0,85.0
Coastal Carolina,2025,108,45,62,30.0,27.77777777777778,72.22222222222223
Colgate,2022,92,17,75,1.0,1.0869565217391304,98.91304347826087
Colgate,2023,53,4,46,0.0,0.0,100.0
Colgate,2024,40,10,27,0.0,0.0,100.0
Colgate,2025,99,58,41,0.0,0.0,100.0
Colorado,2022,119,34,83,6.0,5.042016806722689,94.95798319327731
Colorado,2023,113,31,82,48.0,42.47787610619469,57.52212389380531
Colorado,2024,113,41,69,41.0,36.283185840707965,63.716814159292035
Colorado,2025,105,44,60,33.0,31.428571428571427,68.57142857142857
Colorado Mesa,2023,15,1,1,0.0,0.0,100.0
Colorado School Of Mines,2022,11,0,0,1.0,9.090909090909092,90.9090909090909
Colorado School Of Mines,2023,14,1,2,0.0,0.0,100.0
Colorado State,2022,111,27,84,11.0,9.90990990990991,90.09009009009009
Colorado State,2023,114,37,76,10.0,8.771929824561402,91.2280701754386
Colorado State,2024,110,53,57,11.0,10.0,90.0
Colorado State,2025,108,64,44,18.0,16.666666666666664,83.33333333333334
Columbia,2022,123,29,93,0.0,0.0,100.0
Columbia,2023,28,5,23,0.0,0.0,100.0
Columbia,2024,30,6,23,1.0,3.3333333333333335,96.66666666666667
Columbia,2025,107,53,54,0.0,0.0,100.0
Cornell,2022,113,23,90,0.0,0.0,100.0
Cornell,2023,34,8,26,0.0,0.0,100.0
Cornell,2024,32,9,23,0.0,0.0,100.0
Cornell,2025,123,63,60,0.0,0.0,100.0
Cortland,2023,10,0,0,0.0,0.0,100.0
Cumberland (TN),2025,13,1,1,0.0,0.0,100.0
Dartmouth,2022,119,22,97,0.0,0.0,100.0
Dartmouth,2023,37,4,32,0.0,0.0,100.0
Dartmouth,2024,38,10,28,0.0,0.0,100.0
Dartmouth,2025,102,52,50,0.0,0.0,100.0
Davidson,2022,102,34,68,0.0,0.0,100.0
Davidson,2023,43,12,29,0.0,0.0,100.0
Davidson,2024,40,16,23,0.0,0.0,100.0
Davidson,2025,93,53,40,0.0,0.0,100.0
Dayton,2022,111,86,25,0.0,0.0,100.0
Dayton,2023,33,22,10,0.0,0.0,100.0
Dayton,2024,36,18,14,0.0,0.0,100.0
Dayton,2025,110,85,24,3.0,2.727272727272727,97.27272727272727
Delaware,2022,107,6,101,0.0,0.0,100.0
Delaware,2023,60,2,54,0.0,0.0,100.0
Delaware,2024,41,4,37,7.0,17.073170731707318,82.92682926829268
Delaware,2025,111,51,60,8.0,7.207207207207207,92.7927927927928
Delaware State,2022,97,42,55,0.0,0.0,100.0
Delaware State,2023,56,20,29,0.0,0.0,100.0
Delaware State,2024,45,20,20,4.0,8.88888888888889,91.11111111111111
Delaware State,2025,98,49,48,8.0,8.16326530612245,91.83673469387755
Delta State,2022,15,2,2,1.0,6.666666666666667,93.33333333333333
Delta State,2023,19,2,1,0.0,0.0,100.0
Drake,2022,116,30,86,1.0,0.8620689655172413,99.13793103448276
Drake,2023,43,5,37,0.0,0.0,100.0
Drake,2024,39,9,28,0.0,0.0,100.0
Drake,2025,121,68,53,2.0,1.6528925619834711,98.34710743801652
Duke,2022,112,13,98,8.0,7.142857142857142,92.85714285714286
Duke,2023,110,30,79,6.0,5.454545454545454,94.54545454545455
Duke,2024,113,47,66,18.0,15.929203539823009,84.070796460177
Duke,2025,103,66,37,9.0,8.737864077669903,91.2621359223301
Duquesne,2022,117,59,58,1.0,0.8547008547008548,99.14529914529915
Duquesne,2023,59,17,31,1.0,1.694915254237288,98.30508474576271
Duquesne,2024,59,18,33,3.0,5.084745762711865,94.91525423728814
Duquesne,2025,110,44,66,8.0,7.2727272727272725,92.72727272727273
ERSKINE,2024,10,0,0,0.0,0.0,100.0
ERSKINE,2025,16,0,0,0.0,0.0,100.0
East Carolina,2022,120,25,95,14.0,11.666666666666666,88.33333333333333
East Carolina,2023,123,33,90,17.0,13.821138211382115,86.17886178861788
East Carolina,2024,129,57,72,17.0,13.178294573643413,86.82170542635659
East Carolina,2025,124,64,60,24.0,19.35483870967742,80.64516129032258
East Tennessee State,2022,114,70,41,1.0,0.8771929824561403,99.12280701754386
East Tennessee State,2023,46,17,19,2.0,4.3478260869565215,95.65217391304348
East Tennessee State,2024,49,18,27,6.0,12.244897959183673,87.75510204081633
East Tennessee State,2025,104,57,47,27.0,25.961538461538463,74.03846153846153
East Texas A&M,2022,109,48,60,0.0,0.0,100.0
East Texas A&M,2023,59,27,25,0.0,0.0,100.0
East Texas A&M,2024,56,18,31,0.0,0.0,100.0
East Texas A&M,2025,104,51,51,5.0,4.807692307692308,95.1923076923077
Eastern Illinois,2022,111,59,52,2.0,1.8018018018018018,98.1981981981982
Eastern Illinois,2023,46,18,23,0.0,0.0,100.0
Eastern Illinois,2024,50,22,22,3.0,6.0,94.0
Eastern Illinois,2025,111,55,56,3.0,2.7027027027027026,97.29729729729729
Eastern Kentucky,2022,105,48,57,4.0,3.8095238095238098,96.19047619047619
Eastern Kentucky,2023,50,20,27,1.0,2.0,98.0
Eastern Kentucky,2024,49,21,23,3.0,6.122448979591836,93.87755102040816
Eastern Kentucky,2025,116,72,44,3.0,2.586206896551724,97.41379310344827
Eastern Michigan,2022,125,13,112,5.0,4.0,96.0
Eastern Michigan,2023,116,19,96,5.0,4.310344827586207,95.6896551724138
Eastern Michigan,2024,121,37,82,21.0,17.355371900826448,82.64462809917356
Eastern Michigan,2025,113,47,65,20.0,17.699115044247787,82.30088495575221
Eastern New Mexico,2022,13,0,1,1.0,7.6923076923076925,92.3076923076923
Eastern Washington,2022,107,57,50,0.0,0.0,100.0
Eastern Washington,2023,48,18,29,3.0,6.25,93.75
Eastern Washington,2024,51,18,33,5.0,9.803921568627452,90.19607843137254
Eastern Washington,2025,111,72,39,5.0,4.504504504504505,95.49549549549549
Edinboro University,2023,13,1,3,0.0,0.0,100.0
Edinboro University,2024,17,0,2,1.0,5.88235294117647,94.11764705882354
Edward Waters,2022,13,0,0,0.0,0.0,100.0
Edward Waters,2025,16,3,0,1.0,6.25,93.75
Elizabeth City State,2025,13,0,0,0.0,0.0,100.0
Elon,2022,105,46,59,4.0,3.8095238095238098,96.19047619047619
Elon,2023,43,16,25,1.0,2.3255813953488373,97.67441860465117
Elon,2024,48,20,24,3.0,6.25,93.75
Elon,2025,100,68,31,2.0,2.0,98.0
Faulkner University,2022,11,0,0,0.0,0.0,100.0
Fayetteville State,2025,14,2,0,1.0,7.142857142857142,92.85714285714286
Ferris State,2022,11,0,0,0.0,0.0,100.0
Ferris State,2023,15,0,2,0.0,0.0,100.0
Ferrum,2025,17,0,0,0.0,0.0,100.0
Florida,2022,122,24,98,9.0,7.377049180327869,92.62295081967213
Florida,2023,117,29,88,12.0,10.256410256410255,89.74358974358975
Florida,2024,133,62,70,15.0,11.278195488721805,88.7218045112782
Florida,2025,120,79,41,8.0,6.666666666666667,93.33333333333333
Florida A&M,2022,122,43,79,8.0,6.557377049180328,93.44262295081967
Florida A&M,2023,52,13,36,5.0,9.615384615384617,90.38461538461539
Florida A&M,2024,62,22,32,24.0,38.70967741935484,61.29032258064516
Florida A&M,2025,112,53,57,17.0,15.178571428571427,84.82142857142857
Florida Atlantic,2022,117,33,84,12.0,10.256410256410255,89.74358974358975
Florida Atlantic,2023,125,29,85,12.0,9.6,90.4
Florida Atlantic,2024,117,49,65,20.0,17.094017094017094,82.90598290598291
Florida Atlantic,2025,110,63,47,38.0,34.54545454545455,65.45454545454545
Florida International,2022,113,39,74,11.0,9.734513274336283,90.26548672566372
Florida International,2023,113,41,72,8.0,7.079646017699115,92.92035398230088
Florida International,2024,112,47,63,10.0,8.928571428571429,91.07142857142857
Florida International,2025,108,67,41,23.0,21.296296296296298,78.7037037037037
Florida Memorial University,2023,14,0,0,0.0,0.0,100.0
Florida State,2022,120,17,103,13.0,10.833333333333334,89.16666666666667
Florida State,2023,123,31,92,11.0,8.94308943089431,91.0569105691057
Florida State,2024,124,57,67,17.0,13.709677419354838,86.29032258064517
Florida State,2025,108,65,43,22.0,20.37037037037037,79.62962962962963
Fordham,2022,101,19,82,1.0,0.9900990099009901,99.00990099009901
Fordham,2023,45,3,40,1.0,2.2222222222222223,97.77777777777777
Fordham,2024,42,10,31,0.0,0.0,100.0
Fordham,2025,106,54,52,0.0,0.0,100.0
Franklin Pierce,2024,15,0,1,0.0,0.0,100.0
Fresno State,2022,108,7,101,12.0,11.11111111111111,88.88888888888889
Fresno State,2023,112,21,91,8.0,7.142857142857142,92.85714285714286
Fresno State,2024,117,42,75,7.0,5.982905982905983,94.01709401709402
Fresno State,2025,113,63,50,21.0,18.58407079646018,81.41592920353982
Frostburg State,2024,13,0,2,0.0,0.0,100.0
Furman,2022,108,34,74,0.0,0.0,100.0
Furman,2023,56,18,35,0.0,0.0,100.0
Furman,2024,48,26,19,2.0,4.166666666666666,95.83333333333333
Furman,2025,117,79,38,3.0,2.564102564102564,97.43589743589743
Gardner-Webb,2022,112,34,78,1.0,0.8928571428571428,99.10714285714286
Gardner-Webb,2023,55,10,43,1.0,1.8181818181818181,98.18181818181819
Gardner-Webb,2024,50,17,30,12.0,24.0,76.0
Gardner-Webb,2025,129,79,50,10.0,7.751937984496124,92.24806201550388
Georgetown,2022,95,21,74,0.0,0.0,100.0
Georgetown,2023,30,6,24,0.0,0.0,100.0
Georgetown,2024,34,6,25,1.0,2.941176470588235,97.05882352941177
Georgetown,2025,105,49,55,1.0,0.9523809523809524,99.04761904761905
Georgetown College Kentucky,2024,14,0,1,0.0,0.0,100.0
Georgia,2022,130,15,115,1.0,0.7692307692307693,99.23076923076923
Georgia,2023,134,28,106,4.0,2.9850746268656714,97.01492537313433
Georgia,2024,137,59,77,11.0,8.02919708029197,91.97080291970804
Georgia,2025,132,85,47,10.0,7.575757575757576,92.42424242424242
Georgia Southern,2022,134,26,108,11.0,8.208955223880597,91.7910447761194
Georgia Southern,2023,130,33,96,15.0,11.538461538461538,88.46153846153847
Georgia Southern,2024,124,52,72,12.0,9.67741935483871,90.3225806451613
Georgia Southern,2025,117,70,47,16.0,13.675213675213676,86.32478632478632
Georgia State,2022,108,23,85,4.0,3.7037037037037033,96.29629629629629
Georgia State,2023,101,22,78,19.0,18.81188118811881,81.1881188118812
Georgia State,2024,112,41,71,31.0,27.67857142857143,72.32142857142857
Georgia State,2025,122,66,56,27.0,22.131147540983605,77.8688524590164
Georgia Tech,2022,117,31,86,18.0,15.384615384615385,84.61538461538461
Georgia Tech,2023,121,42,76,16.0,13.223140495867769,86.77685950413223
Georgia Tech,2024,121,62,59,12.0,9.917355371900827,90.08264462809917
Georgia Tech,2025,108,62,43,23.0,21.296296296296298,78.7037037037037
Grambling,2022,118,49,68,5.0,4.23728813559322,95.76271186440678
Grambling,2023,60,12,37,2.0,3.3333333333333335,96.66666666666667
Grambling,2024,54,20,30,10.0,18.51851851851852,81.48148148148148
Grambling,2025,94,39,44,4.0,4.25531914893617,95.74468085106383
Greeneville,2023,17,0,1,1.0,5.88235294117647,94.11764705882354
Greensboro College,2025,18,0,0,0.0,0.0,100.0
Hampton,2022,88,42,46,1.0,1.1363636363636365,98.86363636363636
Hampton,2023,31,10,17,2.0,6.451612903225806,93.54838709677419
Hampton,2024,37,17,13,6.0,16.216216216216218,83.78378378378378
Hampton,2025,93,68,24,4.0,4.301075268817205,95.6989247311828
Hanover College,2024,13,0,0,0.0,0.0,100.0
Hanover College,2025,14,0,0,0.0,0.0,100.0
Harding University,2023,9,0,0,0.0,0.0,100.0
Harvard,2022,123,45,78,0.0,0.0,100.0
Harvard,2023,34,16,18,0.0,0.0,100.0
Harvard,2024,29,15,13,0.0,0.0,100.0
Harvard,2025,105,58,47,0.0,0.0,100.0
Hawai'i,2022,119,21,98,13.0,10.92436974789916,89.07563025210084
Hawai'i,2023,118,31,87,8.0,6.779661016949152,93.22033898305085
Hawai'i,2024,122,46,76,6.0,4.918032786885246,95.08196721311475
Hawai'i,2025,113,55,55,13.0,11.504424778761061,88.49557522123894
Holy Cross,2022,99,10,89,0.0,0.0,100.0
Holy Cross,2023,46,3,41,0.0,0.0,100.0
Holy Cross,2024,49,14,34,0.0,0.0,100.0
Holy Cross,2025,95,52,43,3.0,3.1578947368421053,96.84210526315789
Houston,2022,109,26,83,11.0,10.091743119266056,89.90825688073394
Houston,2023,119,39,79,20.0,16.80672268907563,83.19327731092437
Houston,2024,116,49,67,27.0,23.275862068965516,76.72413793103448
Houston,2025,111,61,50,28.0,25.225225225225223,74.77477477477478
Houston Christian,2022,102,51,51,0.0,0.0,100.0
Houston Christian,2023,41,11,24,4.0,9.75609756097561,90.2439024390244
Houston Christian,2024,55,15,30,4.0,7.2727272727272725,92.72727272727273
Houston Christian,2025,107,54,52,15.0,14.018691588785046,85.98130841121495
Howard,2022,104,44,60,0.0,0.0,100.0
Howard,2023,46,15,25,0.0,0.0,100.0
Howard,2024,51,24,19,4.0,7.8431372549019605,92.15686274509804
Howard,2025,103,60,42,0.0,0.0,100.0
Idaho,2022,109,46,63,1.0,0.9174311926605505,99.08256880733946
Idaho,2023,49,11,33,0.0,0.0,100.0
Idaho,2024,49,23,24,2.0,4.081632653061225,95.91836734693878
Idaho,2025,114,81,32,8.0,7.017543859649122,92.98245614035088
Idaho State,2022,114,78,30,1.0,0.8771929824561403,99.12280701754386
Idaho State,2023,59,22,12,1.0,1.694915254237288,98.30508474576271
Idaho State,2024,51,19,8,5.0,9.803921568627452,90.19607843137254
Idaho State,2025,54,14,5,6.0,11.11111111111111,88.88888888888889
Illinois,2022,117,12,105,8.0,6.837606837606838,93.16239316239316
Illinois,2023,120,25,95,7.0,5.833333333333333,94.16666666666667
Illinois,2024,118,44,74,12.0,10.16949152542373,89.83050847457628
Illinois,2025,118,60,58,18.0,15.254237288135593,84.7457627118644
Illinois State,2022,106,51,55,2.0,1.8867924528301887,98.11320754716981
Illinois State,2023,31,8,19,2.0,6.451612903225806,93.54838709677419
Illinois State,2024,42,14,25,4.0,9.523809523809524,90.47619047619048
Illinois State,2025,112,67,45,7.0,6.25,93.75
Incarnate Word,2022,111,33,78,4.0,3.6036036036036037,96.3963963963964
Incarnate Word,2023,48,10,28,14.0,29.166666666666668,70.83333333333333
Incarnate Word,2024,38,14,13,11.0,28.947368421052634,71.05263157894737
Incarnate Word,2025,43,18,9,13.0,30.23255813953488,69.76744186046511
Indiana,2022,115,22,93,13.0,11.304347826086957,88.69565217391305
Indiana,2023,122,36,85,23.0,18.852459016393443,81.14754098360656
Indiana,2024,116,41,75,30.0,25.862068965517242,74.13793103448276
Indiana,2025,106,58,48,23.0,21.69811320754717,78.30188679245283
Indiana State,2022,119,69,50,3.0,2.5210084033613445,97.47899159663865
Indiana State,2023,51,27,22,1.0,1.9607843137254901,98.03921568627452
Indiana State,2024,40,21,14,4.0,10.0,90.0
Indiana State,2025,108,71,37,8.0,7.4074074074074066,92.5925925925926
Indiana Wesleyan,2022,9,1,0,0.0,0.0,100.0
Indiana Wesleyan,2023,13,1,1,0.0,0.0,100.0
Indiana Wesleyan,2024,11,0,1,0.0,0.0,100.0
Iowa,2022,127,13,114,1.0,0.7874015748031495,99.21259842519684
Iowa,2023,126,33,93,8.0,6.349206349206349,93.65079365079364
Iowa,2024,130,60,70,4.0,3.076923076923077,96.92307692307692
Iowa,2025,109,67,42,9.0,8.256880733944955,91.74311926605505
Iowa State,2022,128,23,105,4.0,3.125,96.875
Iowa State,2023,132,42,90,2.0,1.5151515151515151,98.48484848484848
Iowa State,2024,133,68,65,8.0,6.015037593984962,93.98496240601504
Iowa State,2025,121,73,48,8.0,6.6115702479338845,93.38842975206612
Jackson State,2022,119,38,79,15.0,12.605042016806722,87.39495798319328
Jackson State,2023,55,15,30,7.0,12.727272727272727,87.27272727272728
Jackson State,2024,50,18,27,12.0,24.0,76.0
Jackson State,2025,99,42,55,10.0,10.1010101010101,89.8989898989899
Jacksonville State,2022,124,47,77,6.0,4.838709677419355,95.16129032258064
Jacksonville State,2023,129,50,79,2.0,1.550387596899225,98.44961240310077
Jacksonville State,2024,129,56,68,19.0,14.728682170542637,85.27131782945736
Jacksonville State,2025,121,74,47,22.0,18.181818181818183,81.81818181818181
James Madison,2022,111,28,83,5.0,4.504504504504505,95.49549549549549
James Madison,2023,112,27,85,5.0,4.464285714285714,95.53571428571429
James Madison,2024,120,49,71,26.0,21.666666666666668,78.33333333333333
James Madison,2025,113,59,54,29.0,25.663716814159294,74.3362831858407
Kansas,2022,116,22,94,15.0,12.931034482758621,87.06896551724138
Kansas,2023,119,32,86,12.0,10.084033613445378,89.91596638655463
Kansas,2024,125,53,72,11.0,8.799999999999999,91.2
Kansas,2025,112,64,48,27.0,24.107142857142858,75.89285714285714
Kansas State,2022,124,20,104,7.0,5.64516129032258,94.35483870967742
Kansas State,2023,124,37,87,6.0,4.838709677419355,95.16129032258064
Kansas State,2024,124,57,66,10.0,8.064516129032258,91.93548387096774
Kansas State,2025,110,62,48,16.0,14.545454545454545,85.45454545454545
Keiser University,2022,16,1,3,0.0,0.0,100.0
Kennesaw State,2022,114,35,79,1.0,0.8771929824561403,99.12280701754386
Kennesaw State,2023,46,10,34,1.0,2.1739130434782608,97.82608695652173
Kennesaw State,2024,125,69,55,10.0,8.0,92.0
Kennesaw State,2025,101,52,49,27.0,26.732673267326735,73.26732673267327
Kent State,2022,101,21,80,4.0,3.9603960396039604,96.03960396039604
Kent State,2023,102,40,62,7.0,6.862745098039216,93.13725490196079
Kent State,2024,116,72,41,16.0,13.793103448275861,86.20689655172414
Kent State,2025,104,64,39,12.0,11.538461538461538,88.46153846153847
Kentucky,2022,117,20,97,9.0,7.6923076923076925,92.3076923076923
Kentucky,2023,119,33,85,12.0,10.084033613445378,89.91596638655463
Kentucky,2024,114,46,67,12.0,10.526315789473683,89.47368421052632
Kentucky,2025,114,65,48,25.0,21.929824561403507,78.0701754385965
Kentucky Christian,2022,21,0,0,0.0,0.0,100.0
Kentucky Christian,2024,9,1,0,0.0,0.0,100.0
Kentucky Christian,2025,12,2,0,0.0,0.0,100.0
Kentucky State,2022,13,0,0,0.0,0.0,100.0
Kentucky State,2024,15,3,0,0.0,0.0,100.0
Kentucky State,2025,14,0,1,0.0,0.0,100.0
LSU,2022,114,22,92,16.0,14.035087719298245,85.96491228070175
LSU,2023,117,39,78,14.0,11.965811965811966,88.03418803418803
LSU,2024,110,50,60,10.0,9.090909090909092,90.9090909090909
LSU,2025,112,74,37,18.0,16.071428571428573,83.92857142857143
La Verne,2022,12,0,0,0.0,0.0,100.0
Lafayette,2022,88,27,61,0.0,0.0,100.0
Lafayette,2023,44,12,31,0.0,0.0,100.0
Lafayette,2024,58,19,34,1.0,1.7241379310344827,98.27586206896552
Lafayette,2025,98,60,38,3.0,3.061224489795918,96.93877551020408
Lamar,2022,120,78,41,2.0,1.6666666666666667,98.33333333333333
Lamar,2023,47,19,23,3.0,6.382978723404255,93.61702127659575
Lamar,2024,50,22,24,5.0,10.0,90.0
Lamar,2025,117,74,40,4.0,3.418803418803419,96.58119658119658
Lane College,2022,16,0,0,0.0,0.0,100.0
Lane College,2023,14,1,1,0.0,0.0,100.0
Lane College,2024,9,0,0,0.0,0.0,100.0
Lane College,2025,19,1,1,1.0,5.263157894736842,94.73684210526316
Langston University,2025,20,0,0,0.0,0.0,100.0
Laurinburg,2022,10,0,0,0.0,0.0,100.0
Laurinburg,2023,11,0,0,0.0,0.0,100.0
Lehigh,2022,92,23,69,1.0,1.0869565217391304,98.91304347826087
Lehigh,2023,34,7,26,0.0,0.0,100.0
Lehigh,2024,44,18,26,0.0,0.0,100.0
Lehigh,2025,92,52,40,1.0,1.0869565217391304,98.91304347826087
Liberty,2022,115,23,92,13.0,11.304347826086957,88.69565217391305
Liberty,2023,119,34,83,13.0,10.92436974789916,89.07563025210084
Liberty,2024,118,49,69,18.0,15.254237288135593,84.7457627118644
Liberty,2025,107,56,49,20.0,18.69158878504673,81.30841121495327
Limestone,2022,11,1,2,0.0,0.0,100.0
Lincoln (CA),2022,31,0,0,0.0,0.0,100.0
Lincoln (CA),2023,39,0,0,0.0,0.0,100.0
Lincoln (CA),2024,23,0,0,0.0,0.0,100.0
Lincoln (CA),2025,37,0,0,0.0,0.0,100.0
Lincoln (PA),2022,14,0,1,0.0,0.0,100.0
Lincoln (PA),2024,11,0,1,0.0,0.0,100.0
Lincoln (PA),2025,14,1,0,0.0,0.0,100.0
Lindenwood,2022,103,55,48,0.0,0.0,100.0
Lindenwood,2023,34,15,12,0.0,0.0,100.0
Lindenwood,2024,46,22,20,3.0,6.521739130434782,93.47826086956522
Lindenwood,2025,105,71,34,8.0,7.6190476190476195,92.38095238095238
Little Rock,2023,16,0,0,0.0,0.0,100.0
Little Rock,2024,10,0,0,0.0,0.0,100.0
Little Rock,2025,13,1,0,0.0,0.0,100.0
Long Island University,2022,118,71,47,0.0,0.0,100.0
Long Island University,2023,48,13,25,0.0,0.0,100.0
Long Island University,2024,51,20,26,0.0,0.0,100.0
Long Island University,2025,69,19,38,0.0,0.0,100.0
Louisiana,2022,138,37,101,2.0,1.4492753623188406,98.55072463768116
Louisiana,2023,137,50,85,1.0,0.7299270072992701,99.27007299270073
Louisiana,2024,136,66,69,7.0,5.147058823529411,94.8529411764706
Louisiana,2025,108,66,41,5.0,4.62962962962963,95.37037037037037
Louisiana College,2022,12,0,0,0.0,0.0,100.0
Louisiana College,2024,17,0,1,0.0,0.0,100.0
Louisiana College,2025,15,0,1,0.0,0.0,100.0
Louisiana Tech,2022,115,31,84,9.0,7.82608695652174,92.17391304347827
Louisiana Tech,2023,115,38,77,19.0,16.52173913043478,83.47826086956522
Louisiana Tech,2024,116,49,66,12.0,10.344827586206897,89.65517241379311
Louisiana Tech,2025,107,65,42,9.0,8.411214953271028,91.58878504672897
Louisville,2022,118,27,91,13.0,11.016949152542372,88.98305084745763
Louisville,2023,122,34,83,26.0,21.311475409836063,78.68852459016394
Louisville,2024,119,49,65,28.0,23.52941176470588,76.47058823529412
Louisville,2025,109,60,49,30.0,27.522935779816514,72.47706422018348
Maine,2022,106,26,80,1.0,0.9433962264150944,99.05660377358491
Maine,2023,44,6,35,1.0,2.272727272727273,97.72727272727273
Maine,2024,47,12,34,3.0,6.382978723404255,93.61702127659575
Maine,2025,95,55,40,6.0,6.315789473684211,93.6842105263158
Marist,2022,107,58,49,0.0,0.0,100.0
Marist,2023,35,17,15,0.0,0.0,100.0
Marist,2024,28,17,9,1.0,3.571428571428571,96.42857142857143
Marist,2025,104,76,28,0.0,0.0,100.0
Mars Hill,2022,19,0,2,0.0,0.0,100.0
Marshall,2022,124,34,90,13.0,10.483870967741936,89.51612903225806
Marshall,2023,126,43,82,11.0,8.73015873015873,91.26984126984127
Marshall,2024,117,52,64,28.0,23.931623931623932,76.06837606837607
Marshall,2025,106,55,51,52.0,49.056603773584904,50.943396226415096
Maryland,2022,118,17,101,6.0,5.084745762711865,94.91525423728814
Maryland,2023,117,31,86,10.0,8.547008547008547,91.45299145299145
Maryland,2024,119,56,63,8.0,6.722689075630252,93.27731092436974
Maryland,2025,105,75,30,15.0,14.285714285714285,85.71428571428572
Massachusetts,2022,107,24,83,19.0,17.75700934579439,82.24299065420561
Massachusetts,2023,110,25,83,21.0,19.090909090909093,80.9090909090909
Massachusetts,2024,111,33,76,29.0,26.126126126126124,73.87387387387388
Massachusetts,2025,98,42,55,35.0,35.714285714285715,64.28571428571428
McKendree,2022,12,0,0,0.0,0.0,100.0
McKendree,2024,15,1,0,0.0,0.0,100.0
McKendree,2025,15,1,0,0.0,0.0,100.0
McNeese,2022,114,59,54,5.0,4.385964912280701,95.6140350877193
McNeese,2023,47,15,25,2.0,4.25531914893617,95.74468085106383
McNeese,2024,53,13,37,12.0,22.641509433962266,77.35849056603773
McNeese,2025,112,65,47,6.0,5.357142857142857,94.64285714285714
Memphis,2022,115,29,86,11.0,9.565217391304348,90.43478260869566
Memphis,2023,116,38,78,19.0,16.379310344827587,83.62068965517241
Memphis,2024,131,49,80,30.0,22.900763358778626,77.09923664122138
Memphis,2025,121,65,56,36.0,29.75206611570248,70.24793388429752
Mercer,2022,115,50,64,2.0,1.7391304347826086,98.26086956521739
Mercer,2023,48,11,34,2.0,4.166666666666666,95.83333333333333
Mercer,2024,50,18,29,7.0,14.000000000000002,86.0
Mercer,2025,100,58,42,8.0,8.0,92.0
Mercyhurst,2024,49,10,19,0.0,0.0,100.0
Mercyhurst,2025,118,63,55,0.0,0.0,100.0
Merrimack,2022,103,51,52,1.0,0.9708737864077669,99.02912621359224
Merrimack,2023,53,25,28,1.0,1.8867924528301887,98.11320754716981
Merrimack,2024,56,26,26,0.0,0.0,100.0
Merrimack,2025,108,61,47,2.0,1.8518518518518516,98.14814814814815
Miami,2022,120,27,93,11.0,9.166666666666666,90.83333333333333
Miami,2023,107,30,76,15.0,14.018691588785046,85.98130841121495
Miami,2024,126,64,58,14.0,11.11111111111111,88.88888888888889
Miami,2025,122,77,44,18.0,14.754098360655737,85.24590163934427
Miami (OH),2022,116,29,87,8.0,6.896551724137931,93.10344827586206
Miami (OH),2023,118,35,83,4.0,3.389830508474576,96.61016949152543
Miami (OH),2024,116,50,65,5.0,4.310344827586207,95.6896551724138
Miami (OH),2025,112,76,36,16.0,14.285714285714285,85.71428571428572
Michigan,2022,141,3,137,3.0,2.127659574468085,97.87234042553192
Michigan,2023,144,18,125,9.0,6.25,93.75
Michigan,2024,139,40,98,7.0,5.0359712230215825,94.96402877697842
Michigan,2025,119,51,68,17.0,14.285714285714285,85.71428571428572
Michigan State,2022,113,14,99,10.0,8.849557522123893,91.15044247787611
Michigan State,2023,117,28,89,14.0,11.965811965811966,88.03418803418803
Michigan State,2024,118,53,65,24.0,20.33898305084746,79.66101694915254
Michigan State,2025,120,64,55,23.0,19.166666666666668,80.83333333333333
Michigan Tech,2022,13,0,1,0.0,0.0,100.0
Middle Tennessee,2022,107,31,76,10.0,9.345794392523365,90.65420560747664
Middle Tennessee,2023,117,34,82,9.0,7.6923076923076925,92.3076923076923
Middle Tennessee,2024,118,47,71,12.0,10.16949152542373,89.83050847457628
Middle Tennessee,2025,113,67,44,12.0,10.619469026548673,89.38053097345133
Miles College,2022,25,0,2,0.0,0.0,100.0
Miles College,2023,22,0,3,0.0,0.0,100.0
Miles College,2024,14,2,3,0.0,0.0,100.0
Miles College,2025,19,1,0,0.0,0.0,100.0
Minnesota,2022,109,14,95,8.0,7.339449541284404,92.66055045871559
Minnesota,2023,115,35,80,10.0,8.695652173913043,91.30434782608695
Minnesota,2024,115,51,64,12.0,10.434782608695652,89.56521739130434
Minnesota,2025,110,66,44,21.0,19.090909090909093,80.9090909090909
Mississippi College,2022,11,0,0,0.0,0.0,100.0
Mississippi State,2022,114,17,97,10.0,8.771929824561402,91.2280701754386
Mississippi State,2023,111,29,82,13.0,11.711711711711711,88.28828828828829
Mississippi State,2024,116,40,74,18.0,15.517241379310345,84.48275862068965
Mississippi State,2025,119,53,63,32.0,26.89075630252101,73.10924369747899
Mississippi Valley State,2022,96,21,75,0.0,0.0,100.0
Mississippi Valley State,2023,33,8,13,2.0,6.0606060606060606,93.93939393939394
Mississippi Valley State,2024,34,9,15,0.0,0.0,100.0
Mississippi Valley State,2025,89,42,44,4.0,4.49438202247191,95.50561797752809
Missouri,2022,123,21,102,13.0,10.569105691056912,89.4308943089431
Missouri,2023,110,24,86,8.0,7.2727272727272725,92.72727272727273
Missouri,2024,120,46,73,15.0,12.5,87.5
Missouri,2025,108,52,55,21.0,19.444444444444446,80.55555555555556
Missouri S&T,2022,15,0,2,0.0,0.0,100.0
Missouri State,2022,103,37,65,4.0,3.8834951456310676,96.11650485436893
Missouri State,2023,46,12,29,4.0,8.695652173913043,91.30434782608695
Missouri State,2024,41,8,33,7.0,17.073170731707318,82.92682926829268
Missouri State,2025,105,58,47,15.0,14.285714285714285,85.71428571428572
Monmouth,2022,112,25,87,1.0,0.8928571428571428,99.10714285714286
Monmouth,2023,50,6,39,1.0,2.0,98.0
Monmouth,2024,41,15,23,3.0,7.317073170731707,92.6829268292683
Monmouth,2025,105,61,43,5.0,4.761904761904762,95.23809523809524
Montana,2022,108,60,48,2.0,1.8518518518518516,98.14814814814815
Montana,2023,36,16,17,3.0,8.333333333333332,91.66666666666667
Montana,2024,37,22,14,9.0,24.324324324324326,75.67567567567568
Montana,2025,108,64,44,12.0,11.11111111111111,88.88888888888889
Montana State,2022,103,47,55,1.0,0.9708737864077669,99.02912621359224
Montana State,2023,37,12,24,3.0,8.108108108108109,91.89189189189189
Montana State,2024,54,27,26,3.0,5.555555555555555,94.44444444444444
Montana State,2025,104,78,26,3.0,2.8846153846153846,97.11538461538461
Morehead State,2022,105,56,47,0.0,0.0,100.0
Morehead State,2023,36,15,18,0.0,0.0,100.0
Morehead State,2024,44,16,18,1.0,2.272727272727273,97.72727272727273
Morehead State,2025,121,80,41,1.0,0.8264462809917356,99.17355371900827
Morehouse College,2022,11,1,1,0.0,0.0,100.0
Morehouse College,2023,11,1,0,0.0,0.0,100.0
Morehouse College,2024,14,0,0,0.0,0.0,100.0
Morehouse College,2025,16,0,0,0.0,0.0,100.0
Morgan State,2022,85,45,37,0.0,0.0,100.0
Morgan State,2023,58,20,27,2.0,3.4482758620689653,96.55172413793103
Morgan State,2024,58,23,25,3.0,5.172413793103448,94.82758620689656
Morgan State,2025,112,59,49,2.0,1.7857142857142856,98.21428571428571
Murray State,2022,108,62,46,1.0,0.9259259259259258,99.07407407407408
Murray State,2023,51,22,21,0.0,0.0,100.0
Murray State,2024,55,26,25,14.0,25.454545454545453,74.54545454545455
Murray State,2025,111,79,31,3.0,2.7027027027027026,97.29729729729729
NC State,2022,121,28,93,2.0,1.6528925619834711,98.34710743801652
NC State,2023,127,41,81,6.0,4.724409448818897,95.2755905511811
NC State,2024,124,63,60,15.0,12.096774193548388,87.90322580645162
NC State,2025,126,86,39,18.0,14.285714285714285,85.71428571428572
Navy,2022,179,46,132,0.0,0.0,100.0
Navy,2023,171,30,141,0.0,0.0,100.0
Navy,2024,185,81,104,0.0,0.0,100.0
Navy,2025,194,121,73,0.0,0.0,100.0
Nebraska,2022,151,38,113,15.0,9.933774834437086,90.06622516556291
Nebraska,2023,136,54,82,13.0,9.558823529411764,90.44117647058823
Nebraska,2024,152,88,63,8.0,5.263157894736842,94.73684210526316
Nebraska,2025,125,91,34,15.0,12.0,88.0
Nevada,2022,114,20,94,16.0,14.035087719298245,85.96491228070175
Nevada,2023,114,31,83,13.0,11.403508771929824,88.59649122807018
Nevada,2024,110,37,73,22.0,20.0,80.0
Nevada,2025,107,56,51,20.0,18.69158878504673,81.30841121495327
New Hampshire,2022,102,43,59,0.0,0.0,100.0
New Hampshire,2023,44,17,26,0.0,0.0,100.0
New Hampshire,2024,50,20,27,0.0,0.0,100.0
New Hampshire,2025,106,64,41,2.0,1.8867924528301887,98.11320754716981
New Haven,2025,150,72,74,2.0,1.3333333333333335,98.66666666666667
New Mexico,2022,119,32,86,7.0,5.88235294117647,94.11764705882354
New Mexico,2023,117,33,84,14.0,11.965811965811966,88.03418803418803
New Mexico,2024,111,30,81,28.0,25.225225225225223,74.77477477477478
New Mexico,2025,109,52,57,35.0,32.11009174311927,67.88990825688073
New Mexico State,2022,129,37,90,9.0,6.976744186046512,93.02325581395348
New Mexico State,2023,127,42,85,7.0,5.511811023622047,94.48818897637796
New Mexico State,2024,115,44,71,13.0,11.304347826086957,88.69565217391305
New Mexico State,2025,108,47,61,21.0,19.444444444444446,80.55555555555556
Nicholls,2022,115,81,34,1.0,0.8695652173913043,99.1304347826087
Nicholls,2023,49,25,14,0.0,0.0,100.0
Nicholls,2024,60,32,7,2.0,3.3333333333333335,96.66666666666667
Nicholls,2025,55,19,7,4.0,7.2727272727272725,92.72727272727273
Norfolk State,2022,111,56,55,3.0,2.7027027027027026,97.29729729729729
Norfolk State,2023,57,14,32,0.0,0.0,100.0
Norfolk State,2024,46,8,29,2.0,4.3478260869565215,95.65217391304348
Norfolk State,2025,102,39,63,7.0,6.862745098039216,93.13725490196079
North Alabama,2022,108,59,49,0.0,0.0,100.0
North Alabama,2023,49,18,25,3.0,6.122448979591836,93.87755102040816
North Alabama,2024,47,16,28,8.0,17.02127659574468,82.97872340425532
North Alabama,2025,120,71,46,9.0,7.5,92.5
North American University,2022,16,0,0,0.0,0.0,100.0
North American University,2023,24,0,0,0.0,0.0,100.0
North American University,2024,16,0,0,0.0,0.0,100.0
North Carolina,2022,118,18,99,5.0,4.23728813559322,95.76271186440678
North Carolina,2023,120,34,86,10.0,8.333333333333332,91.66666666666667
North Carolina,2024,121,60,61,10.0,8.264462809917356,91.73553719008264
North Carolina,2025,109,73,35,39.0,35.77981651376147,64.22018348623854
North Carolina A&T,2022,101,50,51,3.0,2.9702970297029703,97.02970297029702
North Carolina A&T,2023,48,15,29,2.0,4.166666666666666,95.83333333333333
North Carolina A&T,2024,51,18,31,3.0,5.88235294117647,94.11764705882354
North Carolina A&T,2025,101,58,43,2.0,1.9801980198019802,98.01980198019803
North Carolina Central,2022,109,64,44,1.0,0.9174311926605505,99.08256880733946
North Carolina Central,2023,48,24,21,2.0,4.166666666666666,95.83333333333333
North Carolina Central,2024,51,24,8,5.0,9.803921568627452,90.19607843137254
North Carolina Central,2025,48,22,2,0.0,0.0,100.0
North Central College,2022,6,0,0,0.0,0.0,100.0
North Central College,2023,8,2,0,0.0,0.0,100.0
North Dakota,2022,108,43,65,0.0,0.0,100.0
North Dakota,2023,49,16,33,0.0,0.0,100.0
North Dakota,2024,51,23,26,2.0,3.9215686274509802,96.07843137254902
North Dakota,2025,107,66,41,8.0,7.476635514018691,92.5233644859813
North Dakota State,2022,121,29,92,0.0,0.0,100.0
North Dakota State,2023,41,9,31,2.0,4.878048780487805,95.1219512195122
North Dakota State,2024,53,15,37,2.0,3.7735849056603774,96.22641509433963
North Dakota State,2025,124,84,39,3.0,2.4193548387096775,97.58064516129032
North Greenville,2022,15,0,2,0.0,0.0,100.0
North Greenville,2023,14,0,1,0.0,0.0,100.0
North Greenville,2024,15,2,1,0.0,0.0,100.0
North Texas,2022,115,34,80,10.0,8.695652173913043,91.30434782608695
North Texas,2023,120,46,74,10.0,8.333333333333332,91.66666666666667
North Texas,2024,122,61,59,25.0,20.491803278688526,79.50819672131148
North Texas,2025,115,69,44,34.0,29.565217391304348,70.43478260869566
Northeastern State,2025,12,1,0,1.0,8.333333333333332,91.66666666666667
Northern Arizona,2022,112,55,57,2.0,1.7857142857142856,98.21428571428571
Northern Arizona,2023,50,14,30,5.0,10.0,90.0
Northern Arizona,2024,55,13,32,9.0,16.363636363636363,83.63636363636364
Northern Arizona,2025,113,66,47,4.0,3.5398230088495577,96.46017699115045
Northern Colorado,2022,105,47,58,3.0,2.857142857142857,97.14285714285714
Northern Colorado,2023,50,16,28,2.0,4.0,96.0
Northern Colorado,2024,53,16,30,1.0,1.8867924528301887,98.11320754716981
Northern Colorado,2025,111,52,58,4.0,3.6036036036036037,96.3963963963964
Northern Illinois,2022,120,31,89,3.0,2.5,97.5
Northern Illinois,2023,122,41,80,4.0,3.278688524590164,96.72131147540983
Northern Illinois,2024,122,56,65,6.0,4.918032786885246,95.08196721311475
Northern Illinois,2025,113,74,38,5.0,4.424778761061947,95.57522123893806
Northern Iowa,2022,113,50,63,5.0,4.424778761061947,95.57522123893806
Northern Iowa,2023,39,12,26,4.0,10.256410256410255,89.74358974358975
Northern Iowa,2024,39,14,24,4.0,10.256410256410255,89.74358974358975
Northern Iowa,2025,117,74,42,4.0,3.418803418803419,96.58119658119658
Northern Michigan,2025,11,0,0,0.0,0.0,100.0
Northern State,2024,14,4,0,1.0,7.142857142857142,92.85714285714286
Northwestern,2022,108,6,102,6.0,5.555555555555555,94.44444444444444
Northwestern,2023,103,24,79,3.0,2.912621359223301,97.0873786407767
Northwestern,2024,111,48,63,6.0,5.405405405405405,94.5945945945946
Northwestern,2025,112,66,45,14.0,12.5,87.5
Northwestern (IA),2023,14,0,2,0.0,0.0,100.0
Northwestern State,2022,111,59,52,3.0,2.7027027027027026,97.29729729729729
Northwestern State,2023,51,20,24,1.0,1.9607843137254901,98.03921568627452
Northwestern State,2024,49,22,21,3.0,6.122448979591836,93.87755102040816
Northwestern State,2025,100,69,31,7.0,7.000000000000001,93.0
Notre Dame,2022,113,9,104,4.0,3.5398230088495577,96.46017699115045
Notre Dame,2023,117,20,97,7.0,5.982905982905983,94.01709401709402
Notre Dame,2024,121,47,74,9.0,7.43801652892562,92.56198347107438
Notre Dame,2025,114,69,45,8.0,7.017543859649122,92.98245614035088
Ohio,2022,118,20,98,3.0,2.5423728813559325,97.45762711864407
Ohio,2023,119,39,80,4.0,3.361344537815126,96.63865546218487
Ohio,2024,117,49,68,21.0,17.94871794871795,82.05128205128204
Ohio,2025,112,54,58,21.0,18.75,81.25
Ohio State,2022,121,12,108,3.0,2.479338842975207,97.52066115702479
Ohio State,2023,124,11,112,8.0,6.451612903225806,93.54838709677419
Ohio State,2024,123,35,88,7.0,5.691056910569105,94.3089430894309
Ohio State,2025,121,66,55,11.0,9.090909090909092,90.9090909090909
Oklahoma,2022,120,10,109,16.0,13.333333333333334,86.66666666666667
Oklahoma,2023,125,36,89,18.0,14.399999999999999,85.6
Oklahoma,2024,126,60,65,16.0,12.698412698412698,87.3015873015873
Oklahoma,2025,112,68,43,20.0,17.857142857142858,82.14285714285714
Oklahoma State,2022,129,26,103,5.0,3.875968992248062,96.12403100775194
Oklahoma State,2023,126,41,85,13.0,10.317460317460316,89.68253968253968
Oklahoma State,2024,142,71,71,8.0,5.633802816901409,94.36619718309859
Oklahoma State,2025,115,60,55,40.0,34.78260869565217,65.21739130434783
Old Dominion,2022,116,30,84,3.0,2.586206896551724,97.41379310344827
Old Dominion,2023,117,41,76,6.0,5.128205128205128,94.87179487179488
Old Dominion,2024,107,41,66,15.0,14.018691588785046,85.98130841121495
Old Dominion,2025,113,73,40,12.0,10.619469026548673,89.38053097345133
Ole Miss,2022,132,21,111,17.0,12.878787878787879,87.12121212121212
Ole Miss,2023,129,35,94,25.0,19.379844961240313,80.62015503875969
Ole Miss,2024,134,52,82,25.0,18.65671641791045,81.34328358208955
Ole Miss,2025,119,71,48,28.0,23.52941176470588,76.47058823529412
Oregon,2022,128,31,96,12.0,9.375,90.625
Oregon,2023,128,45,83,15.0,11.71875,88.28125
Oregon,2024,126,60,66,14.0,11.11111111111111,88.88888888888889
Oregon,2025,112,71,41,11.0,9.821428571428571,90.17857142857143
Oregon State,2022,121,24,97,2.0,1.6528925619834711,98.34710743801652
Oregon State,2023,127,32,93,7.0,5.511811023622047,94.48818897637796
Oregon State,2024,114,46,68,16.0,14.035087719298245,85.96491228070175
Oregon State,2025,115,64,51,14.0,12.173913043478262,87.82608695652173
Pace,2025,13,0,0,0.0,0.0,100.0
Penn State,2022,122,15,106,3.0,2.459016393442623,97.54098360655738
Penn State,2023,125,36,89,6.0,4.8,95.2
Penn State,2024,125,56,69,6.0,4.8,95.2
Penn State,2025,127,81,46,8.0,6.299212598425196,93.7007874015748
Pennsylvania,2022,114,23,91,0.0,0.0,100.0
Pennsylvania,2023,30,6,20,0.0,0.0,100.0
Pennsylvania,2024,29,8,19,1.0,3.4482758620689653,96.55172413793103
Pennsylvania,2025,103,56,47,0.0,0.0,100.0
Pittsburgh,2022,116,12,104,7.0,6.0344827586206895,93.96551724137932
Pittsburgh,2023,117,31,86,7.0,5.982905982905983,94.01709401709402
Pittsburgh,2024,118,52,66,14.0,11.864406779661017,88.13559322033899
Pittsburgh,2025,116,70,46,15.0,12.931034482758621,87.06896551724138
Point University,2024,15,0,0,0.0,0.0,100.0
Portland State,2022,115,67,46,4.0,3.4782608695652173,96.52173913043478
Portland State,2023,53,24,18,4.0,7.547169811320755,92.45283018867924
Portland State,2024,43,21,7,8.0,18.6046511627907,81.3953488372093
Portland State,2025,46,17,1,3.0,6.521739130434782,93.47826086956522
Post University,2022,17,0,2,0.0,0.0,100.0
Post University,2023,13,2,2,0.0,0.0,100.0
Prairie View A&M,2022,105,45,57,0.0,0.0,100.0
Prairie View A&M,2023,58,19,24,0.0,0.0,100.0
Prairie View A&M,2024,58,18,22,4.0,6.896551724137931,93.10344827586206
Prairie View A&M,2025,112,39,70,21.0,18.75,81.25
Presbyterian,2022,121,72,49,0.0,0.0,100.0
Presbyterian,2023,32,11,17,0.0,0.0,100.0
Presbyterian,2024,41,16,20,1.0,2.4390243902439024,97.5609756097561
Presbyterian,2025,122,69,53,0.0,0.0,100.0
Princeton,2022,123,29,94,0.0,0.0,100.0
Princeton,2023,35,9,26,0.0,0.0,100.0
Princeton,2024,39,16,23,0.0,0.0,100.0
Princeton,2025,117,59,58,1.0,0.8547008547008548,99.14529914529915
Purdue,2022,116,23,93,10.0,8.620689655172415,91.37931034482759
Purdue,2023,117,39,78,15.0,12.82051282051282,87.17948717948718
Purdue,2024,121,62,59,18.0,14.87603305785124,85.12396694214875
Purdue,2025,121,79,42,51.0,42.14876033057851,57.85123966942149
Rhode Island,2022,91,47,44,1.0,1.098901098901099,98.9010989010989
Rhode Island,2023,40,21,15,4.0,10.0,90.0
Rhode Island,2024,44,21,19,5.0,11.363636363636363,88.63636363636364
Rhode Island,2025,104,57,46,11.0,10.576923076923077,89.42307692307692
Rice,2022,108,25,83,7.0,6.481481481481481,93.51851851851852
Rice,2023,111,33,78,5.0,4.504504504504505,95.49549549549549
Rice,2024,121,45,76,10.0,8.264462809917356,91.73553719008264
Rice,2025,107,58,48,11.0,10.2803738317757,89.7196261682243
Richmond,2022,90,22,68,0.0,0.0,100.0
Richmond,2023,48,14,34,0.0,0.0,100.0
Richmond,2024,38,10,28,0.0,0.0,100.0
Richmond,2025,90,48,42,3.0,3.3333333333333335,96.66666666666667
Robert Morris,2022,102,29,73,0.0,0.0,100.0
Robert Morris,2023,58,11,36,3.0,5.172413793103448,94.82758620689656
Robert Morris,2024,45,10,28,1.0,2.2222222222222223,97.77777777777777
Robert Morris,2025,106,59,45,8.0,7.547169811320755,92.45283018867924
Roosevelt,2024,12,0,0,0.0,0.0,100.0
Rutgers,2022,130,12,118,7.0,5.384615384615385,94.61538461538461
Rutgers,2023,131,19,112,7.0,5.343511450381679,94.65648854961832
Rutgers,2024,135,46,89,6.0,4.444444444444445,95.55555555555556
Rutgers,2025,133,63,70,19.0,14.285714285714285,85.71428571428572
SE Louisiana,2022,107,40,65,1.0,0.9345794392523363,99.06542056074767
SE Louisiana,2023,49,16,31,2.0,4.081632653061225,95.91836734693878
SE Louisiana,2024,49,18,24,1.0,2.0408163265306123,97.95918367346938
SE Louisiana,2025,101,55,45,0.0,0.0,100.0
SMU,2022,132,35,97,16.0,12.121212121212121,87.87878787878788
SMU,2023,126,39,86,26.0,20.634920634920633,79.36507936507937
SMU,2024,126,55,70,20.0,15.873015873015872,84.12698412698413
SMU,2025,118,68,49,20.0,16.94915254237288,83.05084745762713
Sacramento State,2022,115,44,71,2.0,1.7391304347826086,98.26086956521739
Sacramento State,2023,47,14,31,1.0,2.127659574468085,97.87234042553192
Sacramento State,2024,59,24,26,8.0,13.559322033898304,86.4406779661017
Sacramento State,2025,112,53,59,39.0,34.82142857142857,65.17857142857143
Sacred Heart,2022,159,53,106,0.0,0.0,100.0
Sacred Heart,2023,40,2,36,0.0,0.0,100.0
Sacred Heart,2024,36,2,30,2.0,5.555555555555555,94.44444444444444
Sacred Heart,2025,150,73,77,1.0,0.6666666666666667,99.33333333333333
Saginaw Valley State,2025,16,1,1,1.0,6.25,93.75
Sam Houston,2022,115,38,76,14.0,12.173913043478262,87.82608695652173
Sam Houston,2023,113,36,75,5.0,4.424778761061947,95.57522123893806
Sam Houston,2024,118,47,70,12.0,10.16949152542373,89.83050847457628
Sam Houston,2025,105,49,56,26.0,24.761904761904763,75.23809523809524
Samford,2022,121,49,71,4.0,3.3057851239669422,96.69421487603306
Samford,2023,55,18,33,1.0,1.8181818181818181,98.18181818181819
Samford,2024,55,17,35,7.0,12.727272727272727,87.27272727272728
Samford,2025,108,72,36,11.0,10.185185185185185,89.81481481481481
San Diego,2022,99,38,61,2.0,2.0202020202020203,97.97979797979798
San Diego,2023,36,6,27,0.0,0.0,100.0
San Diego,2024,33,10,21,3.0,9.090909090909092,90.9090909090909
San Diego,2025,107,61,46,4.0,3.7383177570093453,96.26168224299066
San Diego State,2022,117,33,84,6.0,5.128205128205128,94.87179487179488
San Diego State,2023,110,31,79,5.0,4.545454545454546,95.45454545454545
San Diego State,2024,109,38,71,24.0,22.018348623853214,77.98165137614679
San Diego State,2025,105,46,59,19.0,18.095238095238095,81.9047619047619
San José State,2022,106,25,81,8.0,7.547169811320755,92.45283018867924
San José State,2023,107,31,76,7.0,6.5420560747663545,93.45794392523365
San José State,2024,106,39,66,14.0,13.20754716981132,86.79245283018868
San José State,2025,103,50,53,13.0,12.62135922330097,87.37864077669903
Savannah St,2023,11,0,0,0.0,0.0,100.0
Savannah St,2024,15,1,3,0.0,0.0,100.0
Savannah St,2025,22,2,0,2.0,9.090909090909092,90.9090909090909
Shorter,2023,15,0,2,0.0,0.0,100.0
Shorter,2024,14,0,0,0.0,0.0,100.0
Sioux Falls,2024,15,1,0,0.0,0.0,100.0
South Alabama,2022,115,24,91,15.0,13.043478260869565,86.95652173913044
South Alabama,2023,119,32,86,9.0,7.563025210084033,92.43697478991596
South Alabama,2024,122,60,62,15.0,12.295081967213115,87.70491803278688
South Alabama,2025,117,72,44,23.0,19.65811965811966,80.34188034188034
South Carolina,2022,119,17,102,10.0,8.403361344537815,91.59663865546219
South Carolina,2023,116,29,87,10.0,8.620689655172415,91.37931034482759
South Carolina,2024,120,45,75,22.0,18.333333333333332,81.66666666666667
South Carolina,2025,114,66,48,18.0,15.789473684210526,84.21052631578948
South Carolina State,2022,93,52,38,0.0,0.0,100.0
South Carolina State,2023,58,22,18,0.0,0.0,100.0
South Carolina State,2024,48,17,16,1.0,2.083333333333333,97.91666666666667
South Carolina State,2025,58,15,18,5.0,8.620689655172415,91.37931034482759
South Dakota,2022,110,56,54,3.0,2.727272727272727,97.27272727272727
South Dakota,2023,41,19,20,0.0,0.0,100.0
South Dakota,2024,43,18,24,3.0,6.976744186046512,93.02325581395348
South Dakota,2025,101,64,37,12.0,11.881188118811881,88.11881188118812
South Dakota State,2022,92,31,61,1.0,1.0869565217391304,98.91304347826087
South Dakota State,2023,34,7,26,1.0,2.941176470588235,97.05882352941177
South Dakota State,2024,56,17,36,2.0,3.571428571428571,96.42857142857143
South Dakota State,2025,121,76,45,13.0,10.743801652892563,89.25619834710744
South Florida,2022,120,28,90,16.0,13.333333333333334,86.66666666666667
South Florida,2023,117,28,88,19.0,16.23931623931624,83.76068376068376
South Florida,2024,134,51,78,14.0,10.44776119402985,89.55223880597015
South Florida,2025,118,58,60,23.0,19.491525423728813,80.50847457627118
Southeast Missouri State,2022,107,38,69,0.0,0.0,100.0
Southeast Missouri State,2023,41,10,28,0.0,0.0,100.0
Southeast Missouri State,2024,47,11,30,3.0,6.382978723404255,93.61702127659575
Southeast Missouri State,2025,105,48,55,5.0,4.761904761904762,95.23809523809524
Southern,2022,114,61,49,2.0,1.7543859649122806,98.24561403508773
Southern,2023,38,15,13,0.0,0.0,100.0
Southern,2024,39,18,3,4.0,10.256410256410255,89.74358974358975
Southern,2025,51,12,1,2.0,3.9215686274509802,96.07843137254902
Southern Connecticut State,2022,17,0,1,0.0,0.0,100.0
Southern Connecticut State,2025,13,1,0,0.0,0.0,100.0
Southern Illinois,2022,119,55,64,6.0,5.042016806722689,94.95798319327731
Southern Illinois,2023,49,14,32,2.0,4.081632653061225,95.91836734693878
Southern Illinois,2024,51,17,28,6.0,11.76470588235294,88.23529411764706
Southern Illinois,2025,109,65,44,3.0,2.7522935779816518,97.24770642201835
Southern Miss,2022,115,32,83,11.0,9.565217391304348,90.43478260869566
Southern Miss,2023,108,36,72,8.0,7.4074074074074066,92.5925925925926
Southern Miss,2024,115,49,66,17.0,14.782608695652174,85.21739130434783
Southern Miss,2025,111,54,55,52.0,46.846846846846844,53.153153153153156
Southern Utah,2022,117,54,61,1.0,0.8547008547008548,99.14529914529915
Southern Utah,2023,49,13,22,1.0,2.0408163265306123,97.95918367346938
Southern Utah,2024,54,21,24,4.0,7.4074074074074066,92.5925925925926
Southern Utah,2025,117,67,49,7.0,5.982905982905983,94.01709401709402
Southwest Baptist,2022,13,0,0,0.0,0.0,100.0
Southwest Baptist,2023,14,0,0,0.0,0.0,100.0
Southwest Minnesota State,2023,14,0,0,0.0,0.0,100.0
St. Anselm,2024,13,0,1,0.0,0.0,100.0
St. Anselm,2025,15,0,0,0.0,0.0,100.0
St. Francis (PA),2022,118,68,50,0.0,0.0,100.0
St. Francis (PA),2023,47,19,23,0.0,0.0,100.0
St. Francis (PA),2024,50,21,19,0.0,0.0,100.0
St. Francis (PA),2025,110,81,21,0.0,0.0,100.0
St. Thomas (MN),2022,114,47,67,0.0,0.0,100.0
St. Thomas (MN),2023,40,14,22,0.0,0.0,100.0
St. Thomas (MN),2024,39,13,24,0.0,0.0,100.0
St. Thomas (MN),2025,114,70,44,0.0,0.0,100.0
St. Thomas University (Fl),2022,13,0,3,0.0,0.0,100.0
St. Thomas University (Fl),2023,9,0,2,0.0,0.0,100.0
Stanford,2022,109,19,90,1.0,0.9174311926605505,99.08256880733946
Stanford,2023,106,17,89,4.0,3.7735849056603774,96.22641509433963
Stanford,2024,109,41,68,4.0,3.669724770642202,96.3302752293578
Stanford,2025,108,58,50,17.0,15.74074074074074,84.25925925925927
Stephen F. Austin,2022,108,58,49,2.0,1.8518518518518516,98.14814814814815
Stephen F. Austin,2023,64,22,24,3.0,4.6875,95.3125
Stephen F. Austin,2024,54,25,18,15.0,27.77777777777778,72.22222222222223
Stephen F. Austin,2025,135,75,58,10.0,7.4074074074074066,92.5925925925926
Stetson,2022,113,70,43,1.0,0.8849557522123894,99.11504424778761
Stetson,2023,36,14,17,0.0,0.0,100.0
Stetson,2024,39,30,9,2.0,5.128205128205128,94.87179487179488
Stetson,2025,127,104,10,2.0,1.574803149606299,98.4251968503937
Stonehill,2022,113,29,84,0.0,0.0,100.0
Stonehill,2023,38,5,30,0.0,0.0,100.0
Stonehill,2024,35,8,24,0.0,0.0,100.0
Stonehill,2025,124,69,55,0.0,0.0,100.0
Stony Brook,2022,117,47,69,1.0,0.8547008547008548,99.14529914529915
Stony Brook,2023,42,11,29,7.0,16.666666666666664,83.33333333333334
Stony Brook,2024,44,14,28,1.0,2.272727272727273,97.72727272727273
Stony Brook,2025,100,52,48,4.0,4.0,96.0
Sul Ross State,2025,15,1,0,0.0,0.0,100.0
Syracuse,2022,108,33,75,9.0,8.333333333333332,91.66666666666667
Syracuse,2023,111,32,77,9.0,8.108108108108109,91.89189189189189
Syracuse,2024,107,42,65,19.0,17.75700934579439,82.24299065420561
Syracuse,2025,127,83,42,16.0,12.598425196850393,87.4015748031496
TCU,2022,135,21,114,14.0,10.37037037037037,89.62962962962963
TCU,2023,127,34,93,13.0,10.236220472440944,89.76377952755905
TCU,2024,129,55,74,23.0,17.829457364341085,82.17054263565892
TCU,2025,117,67,50,11.0,9.401709401709402,90.5982905982906
Tarleton State,2022,109,64,43,2.0,1.834862385321101,98.1651376146789
Tarleton State,2023,47,17,14,2.0,4.25531914893617,95.74468085106383
Tarleton State,2024,52,26,4,2.0,3.8461538461538463,96.15384615384616
Tarleton State,2025,58,25,5,6.0,10.344827586206897,89.65517241379311
Taylor,2022,14,0,0,0.0,0.0,100.0
Taylor,2023,15,0,0,0.0,0.0,100.0
Temple,2022,114,31,83,12.0,10.526315789473683,89.47368421052632
Temple,2023,109,36,71,11.0,10.091743119266056,89.90825688073394
Temple,2024,115,49,63,15.0,13.043478260869565,86.95652173913044
Temple,2025,116,64,51,24.0,20.689655172413794,79.3103448275862
Tennessee,2022,125,9,116,8.0,6.4,93.6
Tennessee,2023,124,26,98,8.0,6.451612903225806,93.54838709677419
Tennessee,2024,123,51,72,9.0,7.317073170731707,92.6829268292683
Tennessee,2025,110,71,39,7.0,6.363636363636363,93.63636363636364
Tennessee State,2022,117,48,66,1.0,0.8547008547008548,99.14529914529915
Tennessee State,2023,47,15,26,1.0,2.127659574468085,97.87234042553192
Tennessee State,2024,34,10,21,11.0,32.35294117647059,67.64705882352942
Tennessee State,2025,101,69,31,12.0,11.881188118811881,88.11881188118812
Tennessee Tech,2022,109,53,56,1.0,0.9174311926605505,99.08256880733946
Tennessee Tech,2023,48,15,28,0.0,0.0,100.0
Tennessee Tech,2024,56,18,33,7.0,12.5,87.5
Tennessee Tech,2025,117,49,68,12.0,10.256410256410255,89.74358974358975
Texas,2022,124,9,115,7.0,5.64516129032258,94.35483870967742
Texas,2023,119,25,94,5.0,4.201680672268908,95.7983193277311
Texas,2024,117,45,72,10.0,8.547008547008547,91.45299145299145
Texas,2025,111,70,41,11.0,9.90990990990991,90.09009009009009
Texas A&M,2022,130,21,109,2.0,1.5384615384615385,98.46153846153847
Texas A&M,2023,133,28,105,13.0,9.774436090225564,90.22556390977444
Texas A&M,2024,142,55,87,26.0,18.30985915492958,81.69014084507042
Texas A&M,2025,133,74,59,13.0,9.774436090225564,90.22556390977444
Texas College,2023,11,0,0,0.0,0.0,100.0
Texas Southern,2022,96,48,48,0.0,0.0,100.0
Texas Southern,2023,61,24,30,2.0,3.278688524590164,96.72131147540983
Texas Southern,2024,55,15,29,6.0,10.909090909090908,89.0909090909091
Texas Southern,2025,70,21,27,4.0,5.714285714285714,94.28571428571429
Texas State,2022,116,35,79,15.0,12.931034482758621,87.06896551724138
Texas State,2023,126,38,83,37.0,29.365079365079367,70.63492063492063
Texas State,2024,119,41,78,30.0,25.210084033613445,74.78991596638656
Texas State,2025,112,61,51,34.0,30.357142857142854,69.64285714285714
Texas Tech,2022,119,12,107,14.0,11.76470588235294,88.23529411764706
Texas Tech,2023,122,32,88,7.0,5.737704918032787,94.26229508196721
Texas Tech,2024,123,57,65,16.0,13.008130081300814,86.99186991869918
Texas Tech,2025,111,62,49,21.0,18.91891891891892,81.08108108108108
Texas Wesleyan,2025,16,1,0,0.0,0.0,100.0
The Citadel,2022,115,56,59,1.0,0.8695652173913043,99.1304347826087
The Citadel,2023,54,14,33,0.0,0.0,100.0
The Citadel,2024,45,15,25,1.0,2.2222222222222223,97.77777777777777
The Citadel,2025,122,71,51,3.0,2.459016393442623,97.54098360655738
Thomas More College,2025,19,2,0,0.0,0.0,100.0
Toledo,2022,100,21,79,7.0,7.000000000000001,93.0
Toledo,2023,118,36,82,3.0,2.5423728813559325,97.45762711864407
Toledo,2024,119,51,68,7.0,5.88235294117647,94.11764705882354
Toledo,2025,119,67,52,20.0,16.80672268907563,83.19327731092437
Towson,2022,105,42,63,3.0,2.857142857142857,97.14285714285714
Towson,2023,51,12,33,1.0,1.9607843137254901,98.03921568627452
Towson,2024,44,15,24,3.0,6.8181818181818175,93.18181818181819
Towson,2025,106,65,41,7.0,6.60377358490566,93.39622641509433
Troy,2022,124,29,95,5.0,4.032258064516129,95.96774193548387
Troy,2023,119,35,84,8.0,6.722689075630252,93.27731092436974
Troy,2024,121,50,71,10.0,8.264462809917356,91.73553719008264
Troy,2025,107,52,55,4.0,3.7383177570093453,96.26168224299066
Truman State,2025,15,0,0,0.0,0.0,100.0
Tulane,2022,118,37,80,9.0,7.627118644067797,92.37288135593221
Tulane,2023,125,47,75,7.0,5.6000000000000005,94.4
Tulane,2024,120,53,67,22.0,18.333333333333332,81.66666666666667
Tulane,2025,117,78,39,30.0,25.64102564102564,74.35897435897436
Tulsa,2022,117,23,94,7.0,5.982905982905983,94.01709401709402
Tulsa,2023,121,38,81,8.0,6.6115702479338845,93.38842975206612
Tulsa,2024,124,66,56,12.0,9.67741935483871,90.3225806451613
Tulsa,2025,107,55,51,31.0,28.971962616822427,71.02803738317758
Tuskegee,2022,15,2,2,1.0,6.666666666666667,93.33333333333333
Tuskegee,2023,23,0,2,0.0,0.0,100.0
Tuskegee,2024,22,1,1,0.0,0.0,100.0
Tuskegee,2025,21,2,0,2.0,9.523809523809524,90.47619047619048
UAB,2022,124,34,90,2.0,1.6129032258064515,98.38709677419355
UAB,2023,117,42,75,7.0,5.982905982905983,94.01709401709402
UAB,2024,120,54,66,19.0,15.833333333333332,84.16666666666667
UAB,2025,106,58,48,29.0,27.358490566037734,72.64150943396227
UAlbany,2022,99,51,48,3.0,3.0303030303030303,96.96969696969697
UAlbany,2023,45,15,27,1.0,2.2222222222222223,97.77777777777777
UAlbany,2024,40,13,26,7.0,17.5,82.5
UAlbany,2025,99,47,52,0.0,0.0,100.0
UC Davis,2022,108,44,64,1.0,0.9259259259259258,99.07407407407408
UC Davis,2023,50,18,29,0.0,0.0,100.0
UC Davis,2024,44,17,25,1.0,2.272727272727273,97.72727272727273
UC Davis,2025,109,52,55,9.0,8.256880733944955,91.74311926605505
UCF,2022,116,12,104,14.0,12.068965517241379,87.93103448275862
UCF,2023,122,26,95,18.0,14.754098360655737,85.24590163934427
UCF,2024,119,41,76,25.0,21.008403361344538,78.99159663865547
UCF,2025,112,52,60,38.0,33.92857142857143,66.07142857142857
UCLA,2022,113,8,105,13.0,11.504424778761061,88.49557522123894
UCLA,2023,124,32,92,14.0,11.29032258064516,88.70967741935485
UCLA,2024,120,41,79,21.0,17.5,82.5
UCLA,2025,107,58,49,30.0,28.037383177570092,71.96261682242991
UConn,2022,102,16,86,9.0,8.823529411764707,91.17647058823529
UConn,2023,112,32,80,12.0,10.714285714285714,89.28571428571429
UConn,2024,112,49,62,24.0,21.428571428571427,78.57142857142857
UConn,2025,118,68,50,23.0,19.491525423728813,80.50847457627118
UL Monroe,2022,127,47,80,7.0,5.511811023622047,94.48818897637796
UL Monroe,2023,116,36,77,7.0,6.0344827586206895,93.96551724137932
UL Monroe,2024,122,44,78,16.0,13.114754098360656,86.88524590163934
UL Monroe,2025,102,35,65,14.0,13.725490196078432,86.27450980392157
UNLV,2022,105,12,93,8.0,7.6190476190476195,92.38095238095238
UNLV,2023,110,21,89,9.0,8.181818181818182,91.81818181818181
UNLV,2024,115,43,70,19.0,16.52173913043478,83.47826086956522
UNLV,2025,110,54,56,40.0,36.36363636363637,63.63636363636363
USC,2022,110,8,102,20.0,18.181818181818183,81.81818181818181
USC,2023,110,18,92,16.0,14.545454545454545,85.45454545454545
USC,2024,106,40,66,16.0,15.09433962264151,84.90566037735849
USC,2025,114,71,43,15.0,13.157894736842104,86.84210526315789
UT Martin,2022,126,70,55,4.0,3.1746031746031744,96.82539682539682
UT Martin,2023,45,16,23,1.0,2.2222222222222223,97.77777777777777
UT Martin,2024,54,23,26,11.0,20.37037037037037,79.62962962962963
UT Martin,2025,122,63,57,8.0,6.557377049180328,93.44262295081967
UT Rio Grande Valley,2025,48,12,3,0.0,0.0,100.0
UTEP,2022,115,28,87,1.0,0.8695652173913043,99.1304347826087
UTEP,2023,122,40,82,2.0,1.639344262295082,98.36065573770492
UTEP,2024,111,47,62,27.0,24.324324324324326,75.67567567567568
UTEP,2025,120,68,52,26.0,21.666666666666668,78.33333333333333
UTSA,2022,112,16,96,9.0,8.035714285714286,91.96428571428571
UTSA,2023,115,29,85,8.0,6.956521739130435,93.04347826086956
UTSA,2024,119,41,77,15.0,12.605042016806722,87.39495798319328
UTSA,2025,120,61,59,20.0,16.666666666666664,83.33333333333334
UVA Wise,2022,16,0,1,0.0,0.0,100.0
UVA Wise,2024,12,2,0,0.0,0.0,100.0
University of Mount Union,2022,12,0,0,0.0,0.0,100.0
Upper Iowa University,2024,15,1,0,0.0,0.0,100.0
Upper Iowa University,2025,15,1,0,1.0,6.666666666666667,93.33333333333333
Utah,2022,117,26,91,5.0,4.273504273504273,95.72649572649573
Utah,2023,122,38,84,9.0,7.377049180327869,92.62295081967213
Utah,2024,110,42,67,11.0,10.0,90.0
Utah,2025,116,77,39,21.0,18.103448275862068,81.89655172413794
Utah State,2022,106,26,80,8.0,7.547169811320755,92.45283018867924
Utah State,2023,111,37,74,7.0,6.306306306306306,93.69369369369369
Utah State,2024,108,36,72,20.0,18.51851851851852,81.48148148148148
Utah State,2025,109,61,48,24.0,22.018348623853214,77.98165137614679
Utah Tech,2022,117,65,51,2.0,1.7094017094017095,98.2905982905983
Utah Tech,2023,42,18,19,0.0,0.0,100.0
Utah Tech,2024,50,21,23,8.0,16.0,84.0
Utah Tech,2025,109,64,45,9.0,8.256880733944955,91.74311926605505
VMI,2022,119,60,59,0.0,0.0,100.0
VMI,2023,40,16,22,0.0,0.0,100.0
VMI,2024,50,30,15,0.0,0.0,100.0
VMI,2025,118,94,24,0.0,0.0,100.0
Valdosta State,2025,14,3,0,5.0,35.714285714285715,64.28571428571428
Valparaiso,2022,118,55,62,0.0,0.0,100.0
Valparaiso,2023,39,17,19,0.0,0.0,100.0
Valparaiso,2024,28,15,12,0.0,0.0,100.0
Valparaiso,2025,119,81,38,0.0,0.0,100.0
Vanderbilt,2022,109,6,103,6.0,5.5045871559633035,94.4954128440367
Vanderbilt,2023,114,10,104,3.0,2.631578947368421,97.36842105263158
Vanderbilt,2024,120,28,92,22.0,18.333333333333332,81.66666666666667
Vanderbilt,2025,113,41,72,20.0,17.699115044247787,82.30088495575221
Villanova,2022,90,18,72,1.0,1.1111111111111112,98.88888888888889
Villanova,2023,46,12,33,0.0,0.0,100.0
Villanova,2024,42,19,22,0.0,0.0,100.0
Villanova,2025,95,50,44,3.0,3.1578947368421053,96.84210526315789
Virginia,2022,123,7,116,10.0,8.130081300813007,91.869918699187
Virginia,2023,126,11,115,8.0,6.349206349206349,93.65079365079364
Virginia,2024,128,30,94,13.0,10.15625,89.84375
Virginia,2025,123,44,79,31.0,25.203252032520325,74.79674796747967
Virginia St,2023,15,0,0,0.0,0.0,100.0
Virginia St,2024,13,2,2,0.0,0.0,100.0
Virginia St,2025,18,2,0,0.0,0.0,100.0
Virginia Tech,2022,125,20,105,5.0,4.0,96.0
Virginia Tech,2023,125,42,80,9.0,7.199999999999999,92.8
Virginia Tech,2024,112,43,69,7.0,6.25,93.75
Virginia Tech,2025,113,62,50,30.0,26.548672566371685,73.45132743362831
Virginia Union,2024,12,0,1,1.0,8.333333333333332,91.66666666666667
Virginia University Of Lynchburg,2022,39,0,0,0.0,0.0,100.0
Virginia University Of Lynchburg,2023,40,0,1,0.0,0.0,100.0
Virginia University Of Lynchburg,2024,29,0,0,0.0,0.0,100.0
Virginia University Of Lynchburg,2025,27,0,0,0.0,0.0,100.0
Wabash College,2023,12,0,1,0.0,0.0,100.0
Wagner,2022,108,36,72,1.0,0.9259259259259258,99.07407407407408
Wagner,2023,60,15,39,1.0,1.6666666666666667,98.33333333333333
Wagner,2024,57,12,37,2.0,3.508771929824561,96.49122807017544
Wagner,2025,150,94,55,1.0,0.6666666666666667,99.33333333333333
Wake Forest,2022,121,23,98,4.0,3.3057851239669422,96.69421487603306
Wake Forest,2023,124,43,81,3.0,2.4193548387096775,97.58064516129032
Wake Forest,2024,123,58,64,5.0,4.0650406504065035,95.9349593495935
Wake Forest,2025,121,70,51,33.0,27.27272727272727,72.72727272727273
Warner University,2022,14,0,2,0.0,0.0,100.0
Warner University,2024,14,0,1,0.0,0.0,100.0
Warner University,2025,18,1,0,0.0,0.0,100.0
Washington,2022,117,26,91,9.0,7.6923076923076925,92.3076923076923
Washington,2023,119,42,77,10.0,8.403361344537815,91.59663865546219
Washington,2024,110,48,62,27.0,24.545454545454547,75.45454545454545
Washington,2025,105,63,42,18.0,17.142857142857142,82.85714285714286
Washington State,2022,121,31,90,9.0,7.43801652892562,92.56198347107438
Washington State,2023,125,47,77,9.0,7.199999999999999,92.8
Washington State,2024,122,66,56,12.0,9.836065573770492,90.1639344262295
Washington State,2025,119,78,41,34.0,28.57142857142857,71.42857142857143
Webber International,2023,16,1,0,0.0,0.0,100.0
Webber International,2025,17,0,0,0.0,0.0,100.0
Weber State,2022,105,33,72,0.0,0.0,100.0
Weber State,2023,49,13,33,2.0,4.081632653061225,95.91836734693878
Weber State,2024,48,16,29,5.0,10.416666666666668,89.58333333333333
Weber State,2025,106,65,41,7.0,6.60377358490566,93.39622641509433
West Florida,2023,14,3,1,0.0,0.0,100.0
West Georgia,2024,30,9,15,3.0,10.0,90.0
West Georgia,2025,135,78,43,5.0,3.7037037037037033,96.29629629629629
West Liberty,2025,14,1,0,0.0,0.0,100.0
West Virginia,2022,112,27,84,11.0,9.821428571428571,90.17857142857143
West Virginia,2023,117,38,79,14.0,11.965811965811966,88.03418803418803
West Virginia,2024,130,65,63,13.0,10.0,90.0
West Virginia,2025,125,56,69,51.0,40.8,59.2
West Virginia State,2023,16,0,2,0.0,0.0,100.0
West Virginia Wesleyan,2024,14,0,1,0.0,0.0,100.0
Western Carolina,2022,127,54,67,1.0,0.7874015748031495,99.21259842519684
Western Carolina,2023,57,17,38,1.0,1.7543859649122806,98.24561403508773
Western Carolina,2024,51,23,23,0.0,0.0,100.0
Western Carolina,2025,120,83,37,5.0,4.166666666666666,95.83333333333333
Western Connecticut St,2025,11,0,0,0.0,0.0,100.0
Western Illinois,2022,113,32,81,3.0,2.6548672566371683,97.34513274336283
Western Illinois,2023,47,10,24,0.0,0.0,100.0
Western Illinois,2024,53,13,31,5.0,9.433962264150944,90.56603773584905
Western Illinois,2025,111,60,50,3.0,2.7027027027027026,97.29729729729729
Western Kentucky,2022,113,26,86,14.0,12.389380530973451,87.61061946902655
Western Kentucky,2023,116,31,83,12.0,10.344827586206897,89.65517241379311
Western Kentucky,2024,113,35,78,21.0,18.58407079646018,81.41592920353982
Western Kentucky,2025,104,47,57,42.0,40.38461538461539,59.61538461538461
Western Michigan,2022,112,28,84,5.0,4.464285714285714,95.53571428571429
Western Michigan,2023,108,36,72,6.0,5.555555555555555,94.44444444444444
Western Michigan,2024,113,48,64,11.0,9.734513274336283,90.26548672566372
Western Michigan,2025,107,49,56,23.0,21.49532710280374,78.50467289719626
Western New Mexico,2022,14,1,1,1.0,7.142857142857142,92.85714285714286
Western Oregon,2022,12,0,0,0.0,0.0,100.0
Western Oregon,2023,11,0,0,0.0,0.0,100.0
Western Oregon,2024,18,1,0,0.0,0.0,100.0
Western Oregon,2025,15,1,0,0.0,0.0,100.0
Wheeling,2024,11,0,1,0.0,0.0,100.0
William & Mary,2022,93,32,61,0.0,0.0,100.0
William & Mary,2023,40,15,25,0.0,0.0,100.0
William & Mary,2024,50,26,24,2.0,4.0,96.0
William & Mary,2025,102,62,40,4.0,3.9215686274509802,96.07843137254902
William Jewell,2022,16,0,2,0.0,0.0,100.0
Wilson,2022,16,0,0,0.0,0.0,100.0
Wilson,2023,9,0,0,0.0,0.0,100.0
Winston-Salem,2022,12,1,0,0.0,0.0,100.0
Winston-Salem,2023,16,1,1,0.0,0.0,100.0
Winston-Salem,2024,16,2,0,0.0,0.0,100.0
Wisconsin,2022,120,15,105,6.0,5.0,95.0
Wisconsin,2023,122,29,93,14.0,11.475409836065573,88.52459016393442
Wisconsin,2024,121,51,68,16.0,13.223140495867769,86.77685950413223
Wisconsin,2025,116,62,54,18.0,15.517241379310345,84.48275862068965
Wisconsin-Stevens Pt,2023,17,0,0,0.0,0.0,100.0
Wofford,2022,113,41,72,0.0,0.0,100.0
Wofford,2023,53,15,34,0.0,0.0,100.0
Wofford,2024,45,22,21,3.0,6.666666666666667,93.33333333333333
Wofford,2025,125,99,25,6.0,4.8,95.2
Wyoming,2022,114,35,79,3.0,2.631578947368421,97.36842105263158
Wyoming,2023,117,40,77,3.0,2.564102564102564,97.43589743589743
Wyoming,2024,120,59,61,3.0,2.5,97.5
Wyoming,2025,116,74,42,17.0,14.655172413793101,85.3448275862069
Yale,2022,113,21,92,0.0,0.0,100.0
Yale,2023,34,4,29,0.0,0.0,100.0
Yale,2024,33,8,24,0.0,0.0,100.0
Yale,2025,104,53,51,1.0,0.9615384615384616,99.03846153846153
Youngstown State,2022,95,41,54,1.0,1.0526315789473684,98.94736842105263
Youngstown State,2023,47,15,30,0.0,0.0,100.0
Youngstown State,2024,43,13,25,8.0,18.6046511627907,81.3953488372093
Youngstown State,2025,113,61,52,4.0,3.5398230088495577,96.46017699115045
