School,Conference,Year,Team_Record,Conference_Champ,End_of_Year_AP_Rank,Total_Players,Underclassmen,Upperclassmen,Pct_Non_Transfers,Total_Transfers_Incoming,Pct_Transfers
Abilene Christian,Western Athletic,2022,7-4,TBD,N/A,104,51,52,91.34615384615384,9.0,8.653846153846153
Abilene Christian,UAC,2023,5-6,TBD,N/A,51,16,33,92.15686274509804,4.0,7.84313725490196
Abilene Christian,UAC,2024,9-5,TBD,N/A,43,14,26,69.76744186046511,13.0,30.23255813953488
Abilene Christian,UAC,2025,9-5,TBD,N/A,106,39,55,83.9622641509434,17.0,16.037735849056602
Adrian,Michigan,2025,8-2,TBD,N/A,15,0,0,100.0,0.0,0.0
Air Force,Mountain West,2022,10-3,TBD,N/A,115,9,106,100.0,0.0,0.0
Air Force,Mountain West,2023,9-4,TBD,N/A,126,7,118,100.0,0.0,0.0
Air Force,Mountain West,2024,5-7,TBD,N/A,130,16,113,100.0,0.0,0.0
Air Force,Mountain West,2025,4-8,TBD,N/A,141,60,78,100.0,0.0,0.0
Akron,Mid-American,2022,2-10,TBD,N/A,111,27,84,86.48648648648648,15.0,13.513513513513514
Akron,Mid-American,2023,2-10,TBD,N/A,106,34,72,96.22641509433964,4.0,3.7735849056603774
Akron,Mid-American,2024,4-8,TBD,N/A,108,45,63,86.11111111111111,15.0,13.88888888888889
Akron,Mid-American,2025,5-7,TBD,N/A,104,55,49,83.65384615384616,17.0,16.346153846153847
Alabama,SEC,2022,11-2,TBD,1,136,16,120,96.32352941176472,5.0,3.6764705882352944
Alabama,SEC,2023,12-2,TBD,8,138,32,106,96.3768115942029,5.0,3.6231884057971016
Alabama,SEC,2024,9-4,TBD,11,133,61,72,89.47368421052632,14.0,10.526315789473683
Alabama,SEC,2025,11-4,TBD,9,127,74,52,91.33858267716536,11.0,8.661417322834646
Alabama A&M,SWAC,2022,4-7,TBD,N/A,105,36,68,89.52380952380952,11.0,10.476190476190476
Alabama A&M,SWAC,2023,5-6,TBD,N/A,57,15,28,96.49122807017544,2.0,3.508771929824561
Alabama A&M,SWAC,2024,6-6,TBD,N/A,56,23,20,83.92857142857143,9.0,16.071428571428573
Alabama A&M,SWAC,2025,4-8,TBD,N/A,128,71,52,98.4375,2.0,1.5625
Alabama State,SWAC,2022,6-5,TBD,N/A,121,70,51,94.21487603305783,7.0,5.785123966942149
Alabama State,SWAC,2023,7-4,TBD,N/A,46,23,14,97.82608695652172,1.0,2.1739130434782608
Alabama State,SWAC,2024,7-5,TBD,N/A,48,21,20,93.75,3.0,6.25
Alabama State,SWAC,2025,10-2,TBD,N/A,121,81,39,95.04132231404958,6.0,4.958677685950414
Albany State GA,SIAC,2022,7-3,TBD,N/A,11,0,1,100.0,0.0,0.0
Albany State GA,SIAC,2025,12-2,TBD,N/A,14,1,0,100.0,0.0,0.0
Alcorn State,SWAC,2022,5-6,TBD,N/A,106,35,71,96.22641509433964,4.0,3.7735849056603774
Alcorn State,SWAC,2023,7-4,TBD,N/A,55,14,32,98.1818181818182,1.0,1.818181818181818
Alcorn State,SWAC,2024,6-6,TBD,N/A,58,10,37,98.27586206896552,1.0,1.7241379310344829
Alcorn State,SWAC,2025,5-7,TBD,N/A,117,37,76,96.58119658119658,4.0,3.418803418803419
Allen,SIAC,2025,6-5,TBD,N/A,10,2,0,100.0,0.0,0.0
American International,Northeast 10,2023,3-8,TBD,N/A,8,0,0,100.0,0.0,0.0
American International,Northeast 10,2025,2-8,TBD,N/A,17,0,0,100.0,0.0,0.0
App State,Sun Belt,2022,6-6,TBD,N/A,116,28,88,92.24137931034484,9.0,7.758620689655173
App State,Sun Belt,2023,9-5,TBD,N/A,115,40,75,88.69565217391305,13.0,11.304347826086955
App State,Sun Belt,2024,5-6,TBD,N/A,120,55,65,87.5,15.0,12.5
App State,Sun Belt,2025,5-8,TBD,N/A,113,63,45,71.68141592920354,32.0,28.31858407079646
Arizona,Pac-12,2022,5-7,TBD,N/A,110,21,89,92.72727272727272,8.0,7.272727272727272
Arizona,Pac-12,2023,10-3,TBD,14,110,33,77,92.72727272727272,8.0,7.272727272727272
Arizona,Big 12,2024,4-8,TBD,N/A,109,48,61,77.98165137614679,24.0,22.01834862385321
Arizona,Big 12,2025,9-4,TBD,N/A,111,55,56,72.97297297297297,30.0,27.027027027027028
Arizona State,Pac-12,2022,3-9,TBD,N/A,112,25,87,88.39285714285714,13.0,11.607142857142858
Arizona State,Pac-12,2023,3-9,TBD,N/A,118,38,80,74.57627118644068,30.0,25.42372881355932
Arizona State,Big 12,2024,11-3,TBD,10,120,53,67,76.66666666666667,28.0,23.33333333333333
Arizona State,Big 12,2025,8-5,TBD,N/A,108,60,48,84.25925925925927,17.0,15.74074074074074
Arkansas,SEC,2022,7-6,TBD,N/A,118,27,91,92.3728813559322,9.0,7.627118644067797
Arkansas,SEC,2023,4-8,TBD,N/A,121,38,83,85.9504132231405,17.0,14.049586776859504
Arkansas,SEC,2024,7-6,TBD,N/A,124,56,68,82.25806451612902,22.0,17.741935483870968
Arkansas,SEC,2025,2-10,TBD,N/A,115,63,52,73.04347826086956,31.0,26.956521739130437
Arkansas State,Sun Belt,2022,3-9,TBD,N/A,126,49,77,91.26984126984128,11.0,8.73015873015873
Arkansas State,Sun Belt,2023,6-7,TBD,N/A,121,47,73,93.38842975206612,8.0,6.6115702479338845
Arkansas State,Sun Belt,2024,8-5,TBD,N/A,123,60,63,86.17886178861788,17.0,13.821138211382117
Arkansas State,Sun Belt,2025,7-6,TBD,N/A,123,77,46,73.98373983739837,32.0,26.01626016260163
Arkansas-Pine Bluff,SWAC,2022,3-8,TBD,N/A,99,54,45,100.0,0.0,0.0
Arkansas-Pine Bluff,SWAC,2023,2-9,TBD,N/A,48,25,19,100.0,0.0,0.0
Arkansas-Pine Bluff,SWAC,2024,3-9,TBD,N/A,55,18,25,94.54545454545456,3.0,5.454545454545454
Arkansas-Pine Bluff,SWAC,2025,3-8,TBD,N/A,95,44,51,98.94736842105264,1.0,1.0526315789473684
Army,FBS Independents,2022,6-6,TBD,N/A,164,42,122,100.0,0.0,0.0
Army,FBS Independents,2023,6-6,TBD,N/A,180,43,137,100.0,0.0,0.0
Army,American Athletic,2024,12-2,TBD,19,182,85,97,100.0,0.0,0.0
Army,American Athletic,2025,7-6,TBD,N/A,180,114,63,100.0,0.0,0.0
Assumption,Northeast 10,2022,7-3,TBD,N/A,18,1,0,100.0,0.0,0.0
Auburn,SEC,2022,5-7,TBD,N/A,115,27,88,90.43478260869566,11.0,9.565217391304348
Auburn,SEC,2023,6-7,TBD,N/A,119,36,83,82.35294117647058,21.0,17.647058823529413
Auburn,SEC,2024,5-7,TBD,N/A,121,54,67,87.60330578512396,15.0,12.396694214876034
Auburn,SEC,2025,5-7,TBD,N/A,116,68,44,81.89655172413794,21.0,18.103448275862068
Augustana University (SD),Northern Sun,2024,8-4,TBD,N/A,16,2,1,100.0,0.0,0.0
Austin Peay,Atlantic Sun,2022,7-4,TBD,N/A,110,41,68,99.0909090909091,1.0,0.9090909090909092
Austin Peay,UAC,2023,9-3,TBD,N/A,43,8,32,93.02325581395348,3.0,6.976744186046512
Austin Peay,UAC,2024,4-8,TBD,N/A,39,12,24,56.41025641025641,17.0,43.58974358974359
Austin Peay,UAC,2025,7-5,TBD,N/A,110,61,49,79.0909090909091,23.0,20.909090909090907
Ave Maria University,,2024,,,,21,0,0,100.0,0.0,0.0
BLUEFIELD,,2025,,,,14,0,0,100.0,0.0,0.0
BYU,FBS Independents,2022,8-5,TBD,16,125,24,101,96.8,4.0,3.2
BYU,Big 12,2023,5-7,TBD,N/A,121,32,89,83.47107438016529,20.0,16.528925619834713
BYU,Big 12,2024,11-2,TBD,17,125,56,67,92.8,9.0,7.199999999999999
BYU,Big 12,2025,12-2,TBD,11,115,73,42,88.69565217391305,13.0,11.304347826086955
Ball State,Mid-American,2022,5-7,TBD,N/A,112,35,77,95.53571428571428,5.0,4.464285714285714
Ball State,Mid-American,2023,4-8,TBD,N/A,118,48,69,91.52542372881356,10.0,8.47457627118644
Ball State,Mid-American,2024,3-9,TBD,N/A,120,63,55,90.83333333333331,11.0,9.166666666666666
Ball State,Mid-American,2025,4-8,TBD,N/A,109,66,43,77.98165137614679,24.0,22.01834862385321
Baylor,Big 12,2022,6-7,TBD,N/A,112,12,100,97.32142857142856,3.0,2.6785714285714284
Baylor,Big 12,2023,3-9,TBD,N/A,109,28,81,88.07339449541284,13.0,11.926605504587156
Baylor,Big 12,2024,8-5,TBD,N/A,110,38,72,85.45454545454545,16.0,14.545454545454543
Baylor,Big 12,2025,5-7,TBD,N/A,117,66,49,80.34188034188034,23.0,19.65811965811966
Bentley,Northeast 10,2025,7-4,TBD,N/A,18,0,0,100.0,0.0,0.0
Bethune-Cookman,SWAC,2022,2-9,TBD,N/A,108,38,68,99.07407407407408,1.0,0.9259259259259258
Bethune-Cookman,SWAC,2023,3-8,TBD,N/A,58,12,27,94.82758620689656,3.0,5.172413793103448
Bethune-Cookman,SWAC,2024,2-10,TBD,N/A,59,18,32,84.7457627118644,9.0,15.254237288135592
Bethune-Cookman,SWAC,2025,6-6,TBD,N/A,92,58,34,94.56521739130434,5.0,5.434782608695652
Black Hills State,Rocky Mountain,2023,6-5,TBD,N/A,12,0,0,100.0,0.0,0.0
Black Hills State,Rocky Mountain,2024,6-5,TBD,N/A,14,0,2,100.0,0.0,0.0
Bloomsburg,Pennsylvania State Athletic,2022,3-8,TBD,N/A,13,0,1,100.0,0.0,0.0
Boise State,Mountain West,2022,10-4,TBD,N/A,106,19,87,97.16981132075472,3.0,2.8301886792452837
Boise State,Mountain West,2023,8-6,TBD,N/A,110,36,74,91.8181818181818,9.0,8.181818181818182
Boise State,Mountain West,2024,12-2,TBD,8,115,48,67,93.04347826086956,8.0,6.956521739130435
Boise State,Mountain West,2025,9-5,TBD,N/A,109,59,50,88.99082568807339,12.0,11.009174311926609
Boston College,ACC,2022,3-9,TBD,N/A,108,11,97,96.29629629629628,4.0,3.7037037037037033
Boston College,ACC,2023,7-6,TBD,N/A,118,24,93,92.3728813559322,9.0,7.627118644067797
Boston College,ACC,2024,7-6,TBD,N/A,118,44,73,91.52542372881356,10.0,8.47457627118644
Boston College,ACC,2025,2-10,TBD,N/A,124,77,47,87.90322580645162,15.0,12.096774193548388
Bowie State,CIAA,2023,6-4,TBD,N/A,12,2,0,100.0,0.0,0.0
Bowie State,CIAA,2025,3-7,TBD,N/A,16,2,0,100.0,0.0,0.0
Bowling Green,Mid-American,2022,6-7,TBD,N/A,108,14,94,94.44444444444444,6.0,5.555555555555555
Bowling Green,Mid-American,2023,7-6,TBD,N/A,108,25,83,97.22222222222224,3.0,2.7777777777777777
Bowling Green,Mid-American,2024,7-6,TBD,N/A,109,44,65,88.07339449541284,13.0,11.926605504587156
Bowling Green,Mid-American,2025,4-8,TBD,N/A,108,67,41,80.55555555555556,21.0,19.444444444444446
Brown,Ivy,2022,3-7,TBD,N/A,114,26,88,100.0,0.0,0.0
Brown,Ivy,2023,5-5,TBD,N/A,34,5,27,100.0,0.0,0.0
Brown,Ivy,2024,3-7,TBD,N/A,33,10,23,100.0,0.0,0.0
Brown,Ivy,2025,5-5,TBD,N/A,107,53,54,100.0,0.0,0.0
Bryant,Big South,2022,4-7,TBD,N/A,128,42,86,100.0,0.0,0.0
Bryant,Big South-OVC,2023,6-5,TBD,N/A,48,8,37,100.0,0.0,0.0
Bryant,CAA,2024,2-10,TBD,N/A,37,8,23,81.08108108108108,7.0,18.91891891891892
Bryant,CAA,2025,3-9,TBD,N/A,133,72,61,96.2406015037594,5.0,3.7593984962406015
Bucknell,Patriot,2022,3-8,TBD,N/A,94,36,58,98.93617021276596,1.0,1.0638297872340423
Bucknell,Patriot,2023,4-7,TBD,N/A,45,15,30,97.77777777777776,1.0,2.2222222222222223
Bucknell,Patriot,2024,6-6,TBD,N/A,43,20,22,95.34883720930232,2.0,4.651162790697675
Bucknell,Patriot,2025,5-7,TBD,N/A,103,60,43,96.11650485436893,4.0,3.883495145631068
Buffalo,Mid-American,2022,7-6,TBD,N/A,113,25,88,81.41592920353982,21.0,18.58407079646018
Buffalo,Mid-American,2023,3-9,TBD,N/A,108,25,83,90.74074074074072,10.0,9.25925925925926
Buffalo,Mid-American,2024,9-4,TBD,N/A,119,56,63,85.71428571428572,17.0,14.285714285714285
Buffalo,Mid-American,2025,5-7,TBD,N/A,114,66,48,92.98245614035088,8.0,7.017543859649122
Buffalo State,Liberty League,2024,3-7,TBD,N/A,12,0,0,100.0,0.0,0.0
Butler,Pioneer,2022,7-4,TBD,N/A,109,53,56,99.08256880733946,1.0,0.9174311926605504
Butler,Pioneer,2023,7-4,TBD,N/A,28,10,18,100.0,0.0,0.0
Butler,Pioneer,2024,9-3,TBD,N/A,42,15,22,95.23809523809524,2.0,4.761904761904762
Butler,Pioneer,2025,6-6,TBD,N/A,108,68,40,96.29629629629628,4.0,3.7037037037037033
Cal Poly,Big Sky,2022,2-9,TBD,N/A,107,51,56,100.0,0.0,0.0
Cal Poly,Big Sky,2023,3-8,TBD,N/A,47,18,26,91.48936170212768,4.0,8.51063829787234
Cal Poly,Big Sky,2024,3-8,TBD,N/A,56,24,28,96.42857142857144,2.0,3.571428571428571
Cal Poly,Big Sky,2025,4-8,TBD,N/A,121,75,45,93.38842975206612,8.0,6.6115702479338845
California,Pac-12,2022,4-8,TBD,N/A,115,28,86,94.78260869565216,6.0,5.217391304347826
California,Pac-12,2023,6-7,TBD,N/A,118,34,83,83.05084745762713,20.0,16.94915254237288
California,ACC,2024,6-7,TBD,N/A,116,50,66,80.17241379310344,23.0,19.82758620689655
California,ACC,2025,7-6,TBD,N/A,114,68,46,68.42105263157895,36.0,31.57894736842105
Campbell,Big South,2022,5-6,TBD,N/A,127,53,74,96.8503937007874,4.0,3.149606299212598
Campbell,CAA,2023,5-6,TBD,N/A,47,17,26,87.23404255319149,6.0,12.76595744680851
Campbell,CAA,2024,3-9,TBD,N/A,47,19,25,85.1063829787234,7.0,14.893617021276595
Campbell,CAA,2025,2-10,TBD,N/A,103,63,39,93.20388349514565,7.0,6.796116504854369
Catawba,South Atlantic,2024,3-8,TBD,N/A,14,1,0,100.0,0.0,0.0
Central Arkansas,Atlantic Sun,2022,5-6,TBD,N/A,106,54,52,94.33962264150944,6.0,5.660377358490567
Central Arkansas,UAC,2023,7-4,TBD,N/A,52,17,27,98.07692307692308,1.0,1.9230769230769231
Central Arkansas,UAC,2024,6-6,TBD,N/A,49,20,25,97.95918367346938,1.0,2.0408163265306123
Central Arkansas,UAC,2025,3-9,TBD,N/A,116,65,50,91.3793103448276,10.0,8.620689655172415
Central Connecticut,NEC,2022,2-9,TBD,N/A,95,43,52,100.0,0.0,0.0
Central Connecticut,NEC,2023,3-8,TBD,N/A,54,14,27,100.0,0.0,0.0
Central Connecticut,NEC,2024,7-6,TBD,N/A,53,18,30,96.22641509433964,2.0,3.7735849056603774
Central Connecticut,NEC,2025,8-5,TBD,N/A,102,60,42,98.03921568627452,2.0,1.96078431372549
Central Michigan,Mid-American,2022,4-8,TBD,N/A,120,32,88,98.33333333333331,2.0,1.6666666666666667
Central Michigan,Mid-American,2023,5-7,TBD,N/A,118,46,70,98.30508474576273,2.0,1.694915254237288
Central Michigan,Mid-American,2024,4-8,TBD,N/A,118,55,63,94.91525423728814,6.0,5.084745762711865
Central Michigan,Mid-American,2025,7-6,TBD,N/A,107,59,46,90.65420560747664,10.0,9.345794392523365
Central State (OH),SIAC,2023,5-5,TBD,N/A,13,3,1,100.0,0.0,0.0
Central State (OH),SIAC,2024,1-9,TBD,N/A,14,0,0,100.0,0.0,0.0
Central State (OH),SIAC,2025,3-7,TBD,N/A,15,0,0,100.0,0.0,0.0
Central Washington,Lone Star,2024,8-4,TBD,N/A,10,0,0,90.0,1.0,10.0
Central Washington,Lone Star,2025,10-2,TBD,N/A,15,4,0,86.66666666666667,2.0,13.333333333333334
Chadron St,Rocky Mountain,2022,3-8,TBD,N/A,18,0,0,100.0,0.0,0.0
Chadron St,Rocky Mountain,2025,8-4,TBD,N/A,12,2,0,100.0,0.0,0.0
Charleston Southern,Big South,2022,2-8,TBD,N/A,103,62,40,100.0,0.0,0.0
Charleston Southern,Big South-OVC,2023,4-7,TBD,N/A,57,24,21,100.0,0.0,0.0
Charleston Southern,Big South-OVC,2024,1-11,TBD,N/A,49,19,23,100.0,0.0,0.0
Charleston Southern,Big South-OVC,2025,5-7,TBD,N/A,108,69,38,96.29629629629628,4.0,3.7037037037037033
Charlotte,Conference USA,2022,3-9,TBD,N/A,127,44,83,97.63779527559056,3.0,2.3622047244094486
Charlotte,American Athletic,2023,3-9,TBD,N/A,122,36,84,86.06557377049181,17.0,13.934426229508196
Charlotte,American Athletic,2024,5-7,TBD,N/A,118,41,77,76.27118644067797,28.0,23.728813559322035
Charlotte,American Athletic,2025,1-11,TBD,N/A,109,43,58,68.80733944954127,34.0,31.19266055045872
Chattanooga,Southern,2022,7-4,TBD,N/A,87,35,52,95.40229885057472,4.0,4.597701149425287
Chattanooga,Southern,2023,8-5,TBD,N/A,40,12,27,100.0,0.0,0.0
Chattanooga,Southern,2024,7-5,TBD,N/A,51,18,31,92.15686274509804,4.0,7.84313725490196
Chattanooga,Southern,2025,5-7,TBD,N/A,103,63,39,94.1747572815534,6.0,5.825242718446602
Cincinnati,American Athletic,2022,9-4,TBD,24,116,17,99,93.96551724137932,7.0,6.0344827586206895
Cincinnati,Big 12,2023,3-9,TBD,N/A,112,29,83,81.25,21.0,18.75
Cincinnati,Big 12,2024,5-7,TBD,N/A,116,48,68,79.3103448275862,24.0,20.689655172413797
Cincinnati,Big 12,2025,7-6,TBD,N/A,110,65,45,81.81818181818181,20.0,18.181818181818183
Clark Atlanta,SIAC,2024,7-3,TBD,N/A,11,0,0,100.0,0.0,0.0
Clemson,ACC,2022,11-3,TBD,5,135,12,123,99.25925925925924,1.0,0.7407407407407408
Clemson,ACC,2023,9-4,TBD,N/A,134,32,101,99.25373134328358,1.0,0.7462686567164178
Clemson,ACC,2024,10-4,TBD,13,136,58,78,100.0,0.0,0.0
Clemson,ACC,2025,7-6,TBD,N/A,126,69,57,96.82539682539682,4.0,3.1746031746031744
Coastal Carolina,Sun Belt,2022,9-4,TBD,N/A,120,26,94,96.66666666666669,4.0,3.333333333333333
Coastal Carolina,Sun Belt,2023,8-5,TBD,N/A,116,22,94,88.79310344827586,13.0,11.20689655172414
Coastal Carolina,Sun Belt,2024,6-7,TBD,N/A,120,47,73,85.0,18.0,15.0
Coastal Carolina,Sun Belt,2025,6-7,TBD,N/A,108,45,62,72.22222222222223,30.0,27.77777777777778
Colgate,Patriot,2022,3-8,TBD,N/A,92,17,75,98.91304347826087,1.0,1.0869565217391304
Colgate,Patriot,2023,6-5,TBD,N/A,53,4,46,100.0,0.0,0.0
Colgate,Patriot,2024,2-10,TBD,N/A,40,10,27,100.0,0.0,0.0
Colgate,Patriot,2025,5-7,TBD,N/A,99,58,41,100.0,0.0,0.0
Colorado,Pac-12,2022,1-11,TBD,N/A,119,34,83,94.95798319327731,6.0,5.042016806722689
Colorado,Pac-12,2023,4-8,TBD,N/A,113,31,82,57.52212389380531,48.0,42.47787610619469
Colorado,Big 12,2024,9-4,TBD,20,113,41,69,63.71681415929204,41.0,36.283185840707965
Colorado,Big 12,2025,3-9,TBD,N/A,105,44,60,68.57142857142857,33.0,31.428571428571427
Colorado Mesa,Rocky Mountain,2023,6-5,TBD,N/A,15,1,1,100.0,0.0,0.0
Colorado School Of Mines,Rocky Mountain,2022,13-3,TBD,N/A,11,0,0,90.9090909090909,1.0,9.090909090909092
Colorado School Of Mines,Rocky Mountain,2023,14-1,TBD,N/A,14,1,2,100.0,0.0,0.0
Colorado State,Mountain West,2022,3-9,TBD,N/A,111,27,84,90.09009009009009,11.0,9.90990990990991
Colorado State,Mountain West,2023,5-7,TBD,N/A,114,37,76,91.2280701754386,10.0,8.771929824561402
Colorado State,Mountain West,2024,8-5,TBD,N/A,110,53,57,90.0,11.0,10.0
Colorado State,Mountain West,2025,2-10,TBD,N/A,108,64,44,83.33333333333334,18.0,16.666666666666664
Columbia,Ivy,2022,6-4,TBD,N/A,123,29,93,100.0,0.0,0.0
Columbia,Ivy,2023,3-7,TBD,N/A,28,5,23,100.0,0.0,0.0
Columbia,Ivy,2024,7-3,TBD,N/A,30,6,23,96.66666666666669,1.0,3.333333333333333
Columbia,Ivy,2025,2-8,TBD,N/A,107,53,54,100.0,0.0,0.0
Cornell,Ivy,2022,5-5,TBD,N/A,113,23,90,100.0,0.0,0.0
Cornell,Ivy,2023,3-7,TBD,N/A,34,8,26,100.0,0.0,0.0
Cornell,Ivy,2024,4-6,TBD,N/A,32,9,23,100.0,0.0,0.0
Cornell,Ivy,2025,4-6,TBD,N/A,123,63,60,100.0,0.0,0.0
Cortland,Empire 8,2023,14-1,TBD,N/A,10,0,0,100.0,0.0,0.0
Cumberland (TN),,2025,,,,13,1,1,100.0,0.0,0.0
Dartmouth,Ivy,2022,3-7,TBD,N/A,119,22,97,100.0,0.0,0.0
Dartmouth,Ivy,2023,6-4,TBD,N/A,37,4,32,100.0,0.0,0.0
Dartmouth,Ivy,2024,8-2,TBD,N/A,38,10,28,100.0,0.0,0.0
Dartmouth,Ivy,2025,7-3,TBD,N/A,102,52,50,100.0,0.0,0.0
Davidson,Pioneer,2022,8-4,TBD,N/A,102,34,68,100.0,0.0,0.0
Davidson,Pioneer,2023,7-4,TBD,N/A,43,12,29,100.0,0.0,0.0
Davidson,Pioneer,2024,6-5,TBD,N/A,40,16,23,100.0,0.0,0.0
Davidson,Pioneer,2025,2-10,TBD,N/A,93,53,40,100.0,0.0,0.0
Dayton,Pioneer,2022,8-3,TBD,N/A,111,86,25,100.0,0.0,0.0
Dayton,Pioneer,2023,4-7,TBD,N/A,33,22,10,100.0,0.0,0.0
Dayton,Pioneer,2024,6-5,TBD,N/A,36,18,14,100.0,0.0,0.0
Dayton,Pioneer,2025,7-4,TBD,N/A,110,85,24,97.27272727272728,3.0,2.727272727272727
Delaware,CAA,2022,8-5,TBD,N/A,107,6,101,100.0,0.0,0.0
Delaware,CAA,2023,9-4,TBD,N/A,60,2,54,100.0,0.0,0.0
Delaware,CAA,2024,9-2,TBD,N/A,41,4,37,82.92682926829268,7.0,17.073170731707318
Delaware,Conference USA,2025,7-6,TBD,N/A,111,51,60,92.7927927927928,8.0,7.207207207207207
Delaware State,MEAC,2022,5-6,TBD,N/A,97,42,55,100.0,0.0,0.0
Delaware State,MEAC,2023,1-10,TBD,N/A,56,20,29,100.0,0.0,0.0
Delaware State,MEAC,2024,1-11,TBD,N/A,45,20,20,91.11111111111111,4.0,8.88888888888889
Delaware State,MEAC,2025,8-4,TBD,N/A,98,49,48,91.83673469387756,8.0,8.16326530612245
Delta State,Gulf South,2022,11-2,TBD,N/A,15,2,2,93.33333333333331,1.0,6.666666666666667
Delta State,Gulf South,2023,10-2,TBD,N/A,19,2,1,100.0,0.0,0.0
Drake,Pioneer,2022,3-8,TBD,N/A,116,30,86,99.13793103448276,1.0,0.8620689655172413
Drake,Pioneer,2023,8-4,TBD,N/A,43,5,37,100.0,0.0,0.0
Drake,Pioneer,2024,8-3,TBD,N/A,39,9,28,100.0,0.0,0.0
Drake,Pioneer,2025,8-4,TBD,N/A,121,68,53,98.34710743801652,2.0,1.6528925619834711
Duke,ACC,2022,9-4,TBD,N/A,112,13,98,92.85714285714286,8.0,7.142857142857142
Duke,ACC,2023,8-5,TBD,N/A,110,30,79,94.54545454545456,6.0,5.454545454545454
Duke,ACC,2024,9-4,TBD,N/A,113,47,66,84.070796460177,18.0,15.929203539823009
Duke,ACC,2025,9-5,TBD,N/A,103,66,37,91.2621359223301,9.0,8.737864077669903
Duquesne,NEC,2022,4-7,TBD,N/A,117,59,58,99.14529914529916,1.0,0.8547008547008548
Duquesne,NEC,2023,7-5,TBD,N/A,59,17,31,98.30508474576273,1.0,1.694915254237288
Duquesne,NEC,2024,8-3,TBD,N/A,59,18,33,94.91525423728814,3.0,5.084745762711865
Duquesne,NEC,2025,7-5,TBD,N/A,110,44,66,92.72727272727272,8.0,7.272727272727272
ERSKINE,Gulf South,2024,1-8,TBD,N/A,10,0,0,100.0,0.0,0.0
ERSKINE,Carolinas,2025,1-10,TBD,N/A,16,0,0,100.0,0.0,0.0
East Carolina,American Athletic,2022,8-5,TBD,N/A,120,25,95,88.33333333333333,14.0,11.666666666666666
East Carolina,American Athletic,2023,2-10,TBD,N/A,123,33,90,86.17886178861788,17.0,13.821138211382117
East Carolina,American Athletic,2024,8-5,TBD,N/A,129,57,72,86.82170542635659,17.0,13.178294573643411
East Carolina,American Athletic,2025,9-4,TBD,N/A,124,64,60,80.64516129032258,24.0,19.35483870967742
East Tennessee State,Southern,2022,3-8,TBD,N/A,114,70,41,99.12280701754386,1.0,0.8771929824561403
East Tennessee State,Southern,2023,3-8,TBD,N/A,46,17,19,95.65217391304348,2.0,4.3478260869565215
East Tennessee State,Southern,2024,7-5,TBD,N/A,49,18,27,87.75510204081633,6.0,12.244897959183673
East Tennessee State,Southern,2025,7-5,TBD,N/A,104,57,47,74.03846153846153,27.0,25.961538461538463
East Texas A&M,Southland,2022,5-6,TBD,N/A,109,48,60,100.0,0.0,0.0
East Texas A&M,Southland,2023,2-9,TBD,N/A,59,27,25,100.0,0.0,0.0
East Texas A&M,Southland,2024,3-9,TBD,N/A,56,18,31,100.0,0.0,0.0
East Texas A&M,Southland,2025,3-9,TBD,N/A,104,51,51,95.1923076923077,5.0,4.807692307692308
Eastern Illinois,OVC,2022,2-9,TBD,N/A,111,59,52,98.1981981981982,2.0,1.8018018018018016
Eastern Illinois,Big South-OVC,2023,8-3,TBD,N/A,46,18,23,100.0,0.0,0.0
Eastern Illinois,Big South-OVC,2024,3-9,TBD,N/A,50,22,22,94.0,3.0,6.0
Eastern Illinois,Big South-OVC,2025,3-9,TBD,N/A,111,55,56,97.29729729729728,3.0,2.702702702702702
Eastern Kentucky,Atlantic Sun,2022,7-5,TBD,N/A,105,48,57,96.1904761904762,4.0,3.8095238095238098
Eastern Kentucky,UAC,2023,5-6,TBD,N/A,50,20,27,98.0,1.0,2.0
Eastern Kentucky,UAC,2024,8-5,TBD,N/A,49,21,23,93.87755102040816,3.0,6.122448979591836
Eastern Kentucky,UAC,2025,5-7,TBD,N/A,116,72,44,97.41379310344828,3.0,2.586206896551724
Eastern Michigan,Mid-American,2022,9-4,TBD,N/A,125,13,112,96.0,5.0,4.0
Eastern Michigan,Mid-American,2023,6-7,TBD,N/A,116,19,96,95.6896551724138,5.0,4.310344827586207
Eastern Michigan,Mid-American,2024,5-7,TBD,N/A,121,37,82,82.64462809917356,21.0,17.355371900826448
Eastern Michigan,Mid-American,2025,4-8,TBD,N/A,113,47,65,82.30088495575221,20.0,17.699115044247787
Eastern New Mexico,Lone Star,2022,3-8,TBD,N/A,13,0,1,92.3076923076923,1.0,7.6923076923076925
Eastern Washington,Big Sky,2022,3-8,TBD,N/A,107,57,50,100.0,0.0,0.0
Eastern Washington,Big Sky,2023,4-7,TBD,N/A,48,18,29,93.75,3.0,6.25
Eastern Washington,Big Sky,2024,4-8,TBD,N/A,51,18,33,90.19607843137254,5.0,9.803921568627452
Eastern Washington,Big Sky,2025,5-7,TBD,N/A,111,72,39,95.49549549549548,5.0,4.504504504504505
Edinboro University,Pennsylvania State Athletic,2023,3-8,TBD,N/A,13,1,3,100.0,0.0,0.0
Edinboro University,Pennsylvania State Athletic,2024,3-8,TBD,N/A,17,0,2,94.11764705882354,1.0,5.88235294117647
Edward Waters,SIAC,2022,5-6,TBD,N/A,13,0,0,100.0,0.0,0.0
Edward Waters,SIAC,2025,5-5,TBD,N/A,16,3,0,93.75,1.0,6.25
Elizabeth City State,CIAA,2025,4-6,TBD,N/A,13,0,0,100.0,0.0,0.0
Elon,CAA,2022,8-4,TBD,N/A,105,46,59,96.1904761904762,4.0,3.8095238095238098
Elon,CAA,2023,6-5,TBD,N/A,43,16,25,97.67441860465117,1.0,2.3255813953488373
Elon,CAA,2024,6-6,TBD,N/A,48,20,24,93.75,3.0,6.25
Elon,CAA,2025,6-6,TBD,N/A,100,68,31,98.0,2.0,2.0
Faulkner University,,2022,,,,11,0,0,100.0,0.0,0.0
Fayetteville State,CIAA,2025,6-4,TBD,N/A,14,2,0,92.85714285714286,1.0,7.142857142857142
Ferris State,GLIAC,2022,14-1,TBD,N/A,11,0,0,100.0,0.0,0.0
Ferris State,GLIAC,2023,8-3,TBD,N/A,15,0,2,100.0,0.0,0.0
Ferrum,Carolinas,2025,4-7,TBD,N/A,17,0,0,100.0,0.0,0.0
Florida,SEC,2022,6-7,TBD,N/A,122,24,98,92.62295081967213,9.0,7.377049180327869
Florida,SEC,2023,5-7,TBD,N/A,117,29,88,89.74358974358975,12.0,10.256410256410255
Florida,SEC,2024,8-5,TBD,N/A,133,62,70,88.7218045112782,15.0,11.278195488721805
Florida,SEC,2025,4-8,TBD,N/A,120,79,41,93.33333333333331,8.0,6.666666666666667
Florida A&M,SWAC,2022,9-2,TBD,N/A,122,43,79,93.44262295081968,8.0,6.557377049180328
Florida A&M,SWAC,2023,12-1,TBD,N/A,52,13,36,90.3846153846154,5.0,9.615384615384617
Florida A&M,SWAC,2024,7-5,TBD,N/A,62,22,32,61.29032258064516,24.0,38.70967741935484
Florida A&M,SWAC,2025,5-7,TBD,N/A,112,53,57,84.82142857142857,17.0,15.178571428571429
Florida Atlantic,Conference USA,2022,5-7,TBD,N/A,117,33,84,89.74358974358975,12.0,10.256410256410255
Florida Atlantic,American Athletic,2023,4-8,TBD,N/A,125,29,85,90.4,12.0,9.6
Florida Atlantic,American Athletic,2024,3-9,TBD,N/A,117,49,65,82.90598290598291,20.0,17.094017094017094
Florida Atlantic,American Athletic,2025,4-8,TBD,N/A,110,63,47,65.45454545454545,38.0,34.54545454545455
Florida International,Conference USA,2022,4-8,TBD,N/A,113,39,74,90.26548672566372,11.0,9.734513274336283
Florida International,Conference USA,2023,4-8,TBD,N/A,113,41,72,92.92035398230088,8.0,7.079646017699115
Florida International,Conference USA,2024,4-8,TBD,N/A,112,47,63,91.07142857142856,10.0,8.928571428571429
Florida International,Conference USA,2025,7-6,TBD,N/A,108,67,41,78.7037037037037,23.0,21.296296296296298
Florida Memorial University,,2023,,,,14,0,0,100.0,0.0,0.0
Florida State,ACC,2022,10-3,TBD,N/A,120,17,103,89.16666666666667,13.0,10.833333333333334
Florida State,ACC,2023,13-1,TBD,4,123,31,92,91.0569105691057,11.0,8.94308943089431
Florida State,ACC,2024,2-10,TBD,N/A,124,57,67,86.29032258064517,17.0,13.709677419354838
Florida State,ACC,2025,5-7,TBD,N/A,108,65,43,79.62962962962963,22.0,20.37037037037037
Fordham,Patriot,2022,9-3,TBD,N/A,101,19,82,99.009900990099,1.0,0.99009900990099
Fordham,Patriot,2023,6-5,TBD,N/A,45,3,40,97.77777777777776,1.0,2.2222222222222223
Fordham,Patriot,2024,2-10,TBD,N/A,42,10,31,100.0,0.0,0.0
Fordham,Patriot,2025,1-11,TBD,N/A,106,54,52,100.0,0.0,0.0
Franklin Pierce,Northeast 10,2024,5-5,TBD,N/A,15,0,1,100.0,0.0,0.0
Fresno State,Mountain West,2022,10-4,TBD,N/A,108,7,101,88.88888888888889,12.0,11.11111111111111
Fresno State,Mountain West,2023,9-4,TBD,N/A,112,21,91,92.85714285714286,8.0,7.142857142857142
Fresno State,Mountain West,2024,6-7,TBD,N/A,117,42,75,94.01709401709402,7.0,5.982905982905983
Fresno State,Mountain West,2025,9-4,TBD,N/A,113,63,50,81.41592920353982,21.0,18.58407079646018
Frostburg State,Mountain East,2024,6-5,TBD,N/A,13,0,2,100.0,0.0,0.0
Furman,Southern,2022,10-3,TBD,N/A,108,34,74,100.0,0.0,0.0
Furman,Southern,2023,10-3,TBD,N/A,56,18,35,100.0,0.0,0.0
Furman,Southern,2024,3-8,TBD,N/A,48,26,19,95.83333333333331,2.0,4.166666666666666
Furman,Southern,2025,6-6,TBD,N/A,117,79,38,97.43589743589745,3.0,2.564102564102564
Gardner-Webb,Big South,2022,7-6,TBD,N/A,112,34,78,99.10714285714286,1.0,0.8928571428571428
Gardner-Webb,Big South-OVC,2023,7-5,TBD,N/A,55,10,43,98.1818181818182,1.0,1.818181818181818
Gardner-Webb,Big South-OVC,2024,4-8,TBD,N/A,50,17,30,76.0,12.0,24.0
Gardner-Webb,Big South-OVC,2025,7-5,TBD,N/A,129,79,50,92.24806201550388,10.0,7.751937984496124
Georgetown,Patriot,2022,2-9,TBD,N/A,95,21,74,100.0,0.0,0.0
Georgetown,Patriot,2023,5-6,TBD,N/A,30,6,24,100.0,0.0,0.0
Georgetown,Patriot,2024,5-6,TBD,N/A,34,6,25,97.05882352941175,1.0,2.941176470588235
Georgetown,Patriot,2025,6-6,TBD,N/A,105,49,55,99.04761904761904,1.0,0.9523809523809524
Georgetown College Kentucky,,2024,,,,14,0,1,100.0,0.0,0.0
Georgia,SEC,2022,15-0,TBD,2,130,15,115,99.23076923076924,1.0,0.7692307692307693
Georgia,SEC,2023,13-1,TBD,1,134,28,106,97.01492537313432,4.0,2.985074626865672
Georgia,SEC,2024,11-3,TBD,2,137,59,77,91.97080291970804,11.0,8.02919708029197
Georgia,SEC,2025,12-2,TBD,6,132,85,47,92.42424242424242,10.0,7.575757575757576
Georgia Southern,Sun Belt,2022,6-7,TBD,N/A,134,26,108,91.7910447761194,11.0,8.208955223880597
Georgia Southern,Sun Belt,2023,6-7,TBD,N/A,130,33,96,88.46153846153847,15.0,11.538461538461538
Georgia Southern,Sun Belt,2024,8-5,TBD,N/A,124,52,72,90.3225806451613,12.0,9.67741935483871
Georgia Southern,Sun Belt,2025,7-6,TBD,N/A,117,70,47,86.32478632478632,16.0,13.675213675213676
Georgia State,Sun Belt,2022,4-8,TBD,N/A,108,23,85,96.29629629629628,4.0,3.7037037037037033
Georgia State,Sun Belt,2023,7-6,TBD,N/A,101,22,78,81.1881188118812,19.0,18.81188118811881
Georgia State,Sun Belt,2024,3-9,TBD,N/A,112,41,71,72.32142857142857,31.0,27.67857142857143
Georgia State,Sun Belt,2025,1-11,TBD,N/A,122,66,56,77.8688524590164,27.0,22.131147540983605
Georgia Tech,ACC,2022,5-7,TBD,N/A,117,31,86,84.61538461538461,18.0,15.384615384615383
Georgia Tech,ACC,2023,7-6,TBD,N/A,121,42,76,86.77685950413223,16.0,13.223140495867767
Georgia Tech,ACC,2024,7-6,TBD,N/A,121,62,59,90.08264462809916,12.0,9.917355371900827
Georgia Tech,ACC,2025,9-4,TBD,N/A,108,62,43,78.7037037037037,23.0,21.296296296296298
Grambling,SWAC,2022,3-8,TBD,N/A,118,49,68,95.76271186440678,5.0,4.23728813559322
Grambling,SWAC,2023,5-6,TBD,N/A,60,12,37,96.66666666666669,2.0,3.333333333333333
Grambling,SWAC,2024,5-7,TBD,N/A,54,20,30,81.48148148148148,10.0,18.51851851851852
Grambling,SWAC,2025,7-5,TBD,N/A,94,39,44,95.74468085106383,4.0,4.25531914893617
Greeneville,South Atlantic,2023,6-5,TBD,N/A,17,0,1,94.11764705882354,1.0,5.88235294117647
Greensboro College,USA South,2025,3-7,TBD,N/A,18,0,0,100.0,0.0,0.0
Hampton,CAA,2022,4-7,TBD,N/A,88,42,46,98.86363636363636,1.0,1.1363636363636365
Hampton,CAA,2023,5-6,TBD,N/A,31,10,17,93.5483870967742,2.0,6.451612903225806
Hampton,CAA,2024,5-7,TBD,N/A,37,17,13,83.78378378378378,6.0,16.216216216216218
Hampton,CAA,2025,2-10,TBD,N/A,93,68,24,95.6989247311828,4.0,4.301075268817205
Hanover College,Heartland,2024,7-3,TBD,N/A,13,0,0,100.0,0.0,0.0
Hanover College,Heartland,2025,9-3,TBD,N/A,14,0,0,100.0,0.0,0.0
Harding University,Great American,2023,15-0,TBD,N/A,9,0,0,100.0,0.0,0.0
Harvard,Ivy,2022,6-4,TBD,N/A,123,45,78,100.0,0.0,0.0
Harvard,Ivy,2023,8-2,TBD,N/A,34,16,18,100.0,0.0,0.0
Harvard,Ivy,2024,8-2,TBD,N/A,29,15,13,100.0,0.0,0.0
Harvard,Ivy,2025,9-2,TBD,N/A,105,58,47,100.0,0.0,0.0
Hawai'i,Mountain West,2022,3-10,TBD,N/A,119,21,98,89.07563025210084,13.0,10.92436974789916
Hawai'i,Mountain West,2023,5-8,TBD,N/A,118,31,87,93.22033898305084,8.0,6.779661016949152
Hawai'i,Mountain West,2024,5-7,TBD,N/A,122,46,76,95.08196721311477,6.0,4.918032786885246
Hawai'i,Mountain West,2025,9-4,TBD,N/A,113,55,55,88.49557522123894,13.0,11.50442477876106
Holy Cross,Patriot,2022,12-1,TBD,N/A,99,10,89,100.0,0.0,0.0
Holy Cross,Patriot,2023,7-4,TBD,N/A,46,3,41,100.0,0.0,0.0
Holy Cross,Patriot,2024,6-6,TBD,N/A,49,14,34,100.0,0.0,0.0
Holy Cross,Patriot,2025,3-9,TBD,N/A,95,52,43,96.84210526315788,3.0,3.1578947368421053
Houston,American Athletic,2022,8-5,TBD,N/A,109,26,83,89.90825688073394,11.0,10.091743119266056
Houston,Big 12,2023,4-8,TBD,N/A,119,39,79,83.19327731092437,20.0,16.80672268907563
Houston,Big 12,2024,4-8,TBD,N/A,116,49,67,76.72413793103448,27.0,23.27586206896552
Houston,Big 12,2025,10-3,TBD,22,111,61,50,74.77477477477478,28.0,25.225225225225223
Houston Christian,Southland,2022,2-9,TBD,N/A,102,51,51,100.0,0.0,0.0
Houston Christian,Southland,2023,6-5,TBD,N/A,41,11,24,90.2439024390244,4.0,9.75609756097561
Houston Christian,Southland,2024,5-7,TBD,N/A,55,15,30,92.72727272727272,4.0,7.272727272727272
Houston Christian,Southland,2025,2-10,TBD,N/A,107,54,52,85.98130841121495,15.0,14.018691588785046
Howard,MEAC,2022,5-6,TBD,N/A,104,44,60,100.0,0.0,0.0
Howard,MEAC,2023,6-6,TBD,N/A,46,15,25,100.0,0.0,0.0
Howard,MEAC,2024,4-8,TBD,N/A,51,24,19,92.15686274509804,4.0,7.84313725490196
Howard,MEAC,2025,5-7,TBD,N/A,103,60,42,100.0,0.0,0.0
Idaho,Big Sky,2022,7-5,TBD,N/A,109,46,63,99.08256880733946,1.0,0.9174311926605504
Idaho,Big Sky,2023,9-4,TBD,N/A,49,11,33,100.0,0.0,0.0
Idaho,Big Sky,2024,10-4,TBD,N/A,49,23,24,95.91836734693878,2.0,4.081632653061225
Idaho,Big Sky,2025,4-8,TBD,N/A,114,81,32,92.98245614035088,8.0,7.017543859649122
Idaho State,Big Sky,2022,1-10,TBD,N/A,114,78,30,99.12280701754386,1.0,0.8771929824561403
Idaho State,Big Sky,2023,3-8,TBD,N/A,59,22,12,98.30508474576273,1.0,1.694915254237288
Idaho State,Big Sky,2024,5-7,TBD,N/A,51,19,8,90.19607843137254,5.0,9.803921568627452
Idaho State,Big Sky,2025,6-6,TBD,N/A,54,14,5,88.88888888888889,6.0,11.11111111111111
Illinois,Big Ten,2022,8-5,TBD,N/A,117,12,105,93.16239316239316,8.0,6.837606837606838
Illinois,Big Ten,2023,5-7,TBD,N/A,120,25,95,94.16666666666669,7.0,5.833333333333333
Illinois,Big Ten,2024,10-3,TBD,21,118,44,74,89.83050847457628,12.0,10.16949152542373
Illinois,Big Ten,2025,9-4,TBD,N/A,118,60,58,84.7457627118644,18.0,15.254237288135592
Illinois State,MVFC,2022,6-5,TBD,N/A,106,51,55,98.1132075471698,2.0,1.8867924528301887
Illinois State,MVFC,2023,6-5,TBD,N/A,31,8,19,93.5483870967742,2.0,6.451612903225806
Illinois State,MVFC,2024,10-4,TBD,N/A,42,14,25,90.47619047619048,4.0,9.523809523809524
Illinois State,MVFC,2025,12-5,TBD,N/A,112,67,45,93.75,7.0,6.25
Incarnate Word,Southland,2022,12-2,TBD,N/A,111,33,78,96.3963963963964,4.0,3.603603603603604
Incarnate Word,Southland,2023,9-2,TBD,N/A,48,10,28,70.83333333333333,14.0,29.166666666666668
Incarnate Word,Southland,2024,11-3,TBD,N/A,38,14,13,71.05263157894737,11.0,28.947368421052637
Incarnate Word,Southland,2025,5-7,TBD,N/A,43,18,9,69.76744186046511,13.0,30.23255813953488
Indiana,Big Ten,2022,4-8,TBD,N/A,115,22,93,88.69565217391305,13.0,11.304347826086955
Indiana,Big Ten,2023,3-9,TBD,N/A,122,36,85,81.14754098360656,23.0,18.852459016393443
Indiana,Big Ten,2024,11-2,TBD,9,116,41,75,74.13793103448276,30.0,25.86206896551724
Indiana,Big Ten,2025,16-0,TBD,1,106,58,48,78.30188679245283,23.0,21.69811320754717
Indiana State,MVFC,2022,2-9,TBD,N/A,119,69,50,97.47899159663864,3.0,2.5210084033613445
Indiana State,MVFC,2023,1-10,TBD,N/A,51,27,22,98.03921568627452,1.0,1.96078431372549
Indiana State,MVFC,2024,4-8,TBD,N/A,40,21,14,90.0,4.0,10.0
Indiana State,MVFC,2025,3-9,TBD,N/A,108,71,37,92.5925925925926,8.0,7.4074074074074066
Indiana Wesleyan,,2022,,,,9,1,0,100.0,0.0,0.0
Indiana Wesleyan,,2023,,,,13,1,1,100.0,0.0,0.0
Indiana Wesleyan,,2024,,,,11,0,1,100.0,0.0,0.0
Iowa,Big Ten,2022,8-5,TBD,N/A,127,13,114,99.21259842519684,1.0,0.7874015748031495
Iowa,Big Ten,2023,10-4,TBD,18,126,33,93,93.65079365079364,8.0,6.349206349206349
Iowa,Big Ten,2024,8-5,TBD,N/A,130,60,70,96.92307692307692,4.0,3.076923076923077
Iowa,Big Ten,2025,9-4,TBD,17,109,67,42,91.74311926605505,9.0,8.256880733944955
Iowa State,Big 12,2022,4-8,TBD,N/A,128,23,105,96.875,4.0,3.125
Iowa State,Big 12,2023,7-6,TBD,N/A,132,42,90,98.48484848484848,2.0,1.5151515151515151
Iowa State,Big 12,2024,11-3,TBD,18,133,68,65,93.98496240601504,8.0,6.015037593984962
Iowa State,Big 12,2025,8-4,TBD,N/A,121,73,48,93.38842975206612,8.0,6.6115702479338845
Jackson State,SWAC,2022,12-1,TBD,N/A,119,38,79,87.39495798319328,15.0,12.605042016806722
Jackson State,SWAC,2023,7-4,TBD,N/A,55,15,30,87.27272727272728,7.0,12.727272727272728
Jackson State,SWAC,2024,12-2,TBD,N/A,50,18,27,76.0,12.0,24.0
Jackson State,SWAC,2025,9-3,TBD,N/A,99,42,55,89.8989898989899,10.0,10.1010101010101
Jacksonville State,Atlantic Sun,2022,9-2,TBD,N/A,124,47,77,95.16129032258064,6.0,4.838709677419355
Jacksonville State,Conference USA,2023,9-4,TBD,N/A,129,50,79,98.44961240310076,2.0,1.550387596899225
Jacksonville State,Conference USA,2024,9-5,TBD,N/A,129,56,68,85.27131782945736,19.0,14.728682170542635
Jacksonville State,Conference USA,2025,9-5,TBD,N/A,121,74,47,81.81818181818181,22.0,18.181818181818183
James Madison,Sun Belt,2022,8-3,TBD,N/A,111,28,83,95.49549549549548,5.0,4.504504504504505
James Madison,Sun Belt,2023,11-2,TBD,24,112,27,85,95.53571428571428,5.0,4.464285714285714
James Madison,Sun Belt,2024,9-4,TBD,N/A,120,49,71,78.33333333333333,26.0,21.666666666666668
James Madison,Sun Belt,2025,12-2,TBD,19,113,59,54,74.3362831858407,29.0,25.663716814159294
Kansas,Big 12,2022,6-7,TBD,19,116,22,94,87.06896551724138,15.0,12.93103448275862
Kansas,Big 12,2023,9-4,TBD,N/A,119,32,86,89.91596638655463,12.0,10.084033613445378
Kansas,Big 12,2024,5-7,TBD,N/A,125,53,72,91.2,11.0,8.799999999999999
Kansas,Big 12,2025,5-7,TBD,N/A,112,64,48,75.89285714285714,27.0,24.107142857142858
Kansas State,Big 12,2022,10-4,TBD,20,124,20,104,94.35483870967742,7.0,5.64516129032258
Kansas State,Big 12,2023,9-4,TBD,N/A,124,37,87,95.16129032258064,6.0,4.838709677419355
Kansas State,Big 12,2024,9-4,TBD,N/A,124,57,66,91.93548387096774,10.0,8.064516129032258
Kansas State,Big 12,2025,6-6,TBD,N/A,110,62,48,85.45454545454545,16.0,14.545454545454543
Keiser University,,2022,,,,16,1,3,100.0,0.0,0.0
Kennesaw State,Atlantic Sun,2022,5-6,TBD,N/A,114,35,79,99.12280701754386,1.0,0.8771929824561403
Kennesaw State,FCS Independents,2023,3-6,TBD,N/A,46,10,34,97.82608695652172,1.0,2.1739130434782608
Kennesaw State,Conference USA,2024,2-10,TBD,N/A,125,69,55,92.0,10.0,8.0
Kennesaw State,Conference USA,2025,10-4,TBD,N/A,101,52,49,73.26732673267327,27.0,26.73267326732673
Kent State,Mid-American,2022,5-7,TBD,N/A,101,21,80,96.03960396039604,4.0,3.96039603960396
Kent State,Mid-American,2023,1-11,TBD,N/A,102,40,62,93.1372549019608,7.0,6.862745098039216
Kent State,Mid-American,2024,0-12,TBD,N/A,116,72,41,86.20689655172414,16.0,13.79310344827586
Kent State,Mid-American,2025,5-7,TBD,N/A,104,64,39,88.46153846153847,12.0,11.538461538461538
Kentucky,SEC,2022,7-6,TBD,13,117,20,97,92.3076923076923,9.0,7.6923076923076925
Kentucky,SEC,2023,7-6,TBD,N/A,119,33,85,89.91596638655463,12.0,10.084033613445378
Kentucky,SEC,2024,4-8,TBD,N/A,114,46,67,89.47368421052632,12.0,10.526315789473683
Kentucky,SEC,2025,5-7,TBD,N/A,114,65,48,78.0701754385965,25.0,21.929824561403507
Kentucky Christian,,2022,,,,21,0,0,100.0,0.0,0.0
Kentucky Christian,,2024,,,,9,1,0,100.0,0.0,0.0
Kentucky Christian,,2025,,,,12,2,0,100.0,0.0,0.0
Kentucky State,SIAC,2022,4-6,TBD,N/A,13,0,0,100.0,0.0,0.0
Kentucky State,SIAC,2024,4-6,TBD,N/A,15,3,0,100.0,0.0,0.0
Kentucky State,SIAC,2025,9-3,TBD,N/A,14,0,1,100.0,0.0,0.0
LSU,SEC,2022,10-4,TBD,25,114,22,92,85.96491228070175,16.0,14.035087719298245
LSU,SEC,2023,10-3,TBD,13,117,39,78,88.03418803418803,14.0,11.965811965811966
LSU,SEC,2024,9-4,TBD,N/A,110,50,60,90.9090909090909,10.0,9.090909090909092
LSU,SEC,2025,7-6,TBD,N/A,112,74,37,83.92857142857143,18.0,16.071428571428573
La Verne,So. Cal.,2022,2-8,TBD,N/A,12,0,0,100.0,0.0,0.0
Lafayette,Patriot,2022,4-7,TBD,N/A,88,27,61,100.0,0.0,0.0
Lafayette,Patriot,2023,9-3,TBD,N/A,44,12,31,100.0,0.0,0.0
Lafayette,Patriot,2024,6-6,TBD,N/A,58,19,34,98.27586206896552,1.0,1.7241379310344829
Lafayette,Patriot,2025,8-4,TBD,N/A,98,60,38,96.93877551020408,3.0,3.061224489795918
Lamar,Southland,2022,1-10,TBD,N/A,120,78,41,98.33333333333331,2.0,1.6666666666666667
Lamar,Southland,2023,6-5,TBD,N/A,47,19,23,93.61702127659576,3.0,6.382978723404255
Lamar,Southland,2024,7-5,TBD,N/A,50,22,24,90.0,5.0,10.0
Lamar,Southland,2025,8-5,TBD,N/A,117,74,40,96.58119658119658,4.0,3.418803418803419
Lane College,SIAC,2022,5-5,TBD,N/A,16,0,0,100.0,0.0,0.0
Lane College,SIAC,2023,2-8,TBD,N/A,14,1,1,100.0,0.0,0.0
Lane College,SIAC,2024,4-6,TBD,N/A,9,0,0,100.0,0.0,0.0
Lane College,SIAC,2025,0-10,TBD,N/A,19,1,1,94.73684210526316,1.0,5.263157894736842
Langston University,,2025,,,,20,0,0,100.0,0.0,0.0
Laurinburg,,2022,,,,10,0,0,100.0,0.0,0.0
Laurinburg,,2023,,,,11,0,0,100.0,0.0,0.0
Lehigh,Patriot,2022,2-9,TBD,N/A,92,23,69,98.91304347826087,1.0,1.0869565217391304
Lehigh,Patriot,2023,2-9,TBD,N/A,34,7,26,100.0,0.0,0.0
Lehigh,Patriot,2024,9-4,TBD,N/A,44,18,26,100.0,0.0,0.0
Lehigh,Patriot,2025,12-1,TBD,N/A,92,52,40,98.91304347826087,1.0,1.0869565217391304
Liberty,FBS Independents,2022,8-5,TBD,N/A,115,23,92,88.69565217391305,13.0,11.304347826086955
Liberty,Conference USA,2023,13-1,TBD,20,119,34,83,89.07563025210084,13.0,10.92436974789916
Liberty,Conference USA,2024,8-4,TBD,N/A,118,49,69,84.7457627118644,18.0,15.254237288135592
Liberty,Conference USA,2025,4-8,TBD,N/A,107,56,49,81.30841121495327,20.0,18.69158878504673
Limestone,South Atlantic,2022,8-4,TBD,N/A,11,1,2,100.0,0.0,0.0
Lincoln (CA),,2022,,,,31,0,0,100.0,0.0,0.0
Lincoln (CA),,2023,,,,39,0,0,100.0,0.0,0.0
Lincoln (CA),Independent DII,2024,0-11,TBD,N/A,23,0,0,100.0,0.0,0.0
Lincoln (CA),Independent DII,2025,0-8,TBD,N/A,37,0,0,100.0,0.0,0.0
Lincoln (PA),CIAA,2022,2-7,TBD,N/A,14,0,1,100.0,0.0,0.0
Lincoln (PA),CIAA,2024,2-8,TBD,N/A,11,0,1,100.0,0.0,0.0
Lincoln (PA),CIAA,2025,0-10,TBD,N/A,14,1,0,100.0,0.0,0.0
Lindenwood,OVC,2022,7-3,TBD,N/A,103,55,48,100.0,0.0,0.0
Lindenwood,Big South-OVC,2023,3-7,TBD,N/A,34,15,12,100.0,0.0,0.0
Lindenwood,Big South-OVC,2024,5-7,TBD,N/A,46,22,20,93.47826086956522,3.0,6.521739130434782
Lindenwood,Big South-OVC,2025,6-6,TBD,N/A,105,71,34,92.38095238095238,8.0,7.6190476190476195
Little Rock,,2023,,,,16,0,0,100.0,0.0,0.0
Little Rock,,2024,,,,10,0,0,100.0,0.0,0.0
Little Rock,,2025,,,,13,1,0,100.0,0.0,0.0
Long Island University,NEC,2022,4-7,TBD,N/A,118,71,47,100.0,0.0,0.0
Long Island University,NEC,2023,4-7,TBD,N/A,48,13,25,100.0,0.0,0.0
Long Island University,NEC,2024,4-8,TBD,N/A,51,20,26,100.0,0.0,0.0
Long Island University,NEC,2025,6-6,TBD,N/A,69,19,38,100.0,0.0,0.0
Louisiana,Sun Belt,2022,6-7,TBD,N/A,138,37,101,98.55072463768116,2.0,1.4492753623188406
Louisiana,Sun Belt,2023,6-7,TBD,N/A,137,50,85,99.27007299270072,1.0,0.7299270072992701
Louisiana,Sun Belt,2024,10-4,TBD,N/A,136,66,69,94.8529411764706,7.0,5.147058823529411
Louisiana,Sun Belt,2025,6-7,TBD,N/A,108,66,41,95.37037037037037,5.0,4.62962962962963
Louisiana College,,2022,,,,12,0,0,100.0,0.0,0.0
Louisiana College,,2024,,,,17,0,1,100.0,0.0,0.0
Louisiana College,,2025,,,,15,0,1,100.0,0.0,0.0
Louisiana Tech,Conference USA,2022,3-9,TBD,N/A,115,31,84,92.17391304347828,9.0,7.82608695652174
Louisiana Tech,Conference USA,2023,3-9,TBD,N/A,115,38,77,83.47826086956522,19.0,16.52173913043478
Louisiana Tech,Conference USA,2024,5-8,TBD,N/A,116,49,66,89.65517241379311,12.0,10.344827586206897
Louisiana Tech,Conference USA,2025,8-5,TBD,N/A,107,65,42,91.58878504672896,9.0,8.411214953271028
Louisville,ACC,2022,8-5,TBD,N/A,118,27,91,88.98305084745763,13.0,11.016949152542372
Louisville,ACC,2023,10-4,TBD,15,122,34,83,78.68852459016394,26.0,21.311475409836063
Louisville,ACC,2024,9-4,TBD,N/A,119,49,65,76.47058823529412,28.0,23.52941176470588
Louisville,ACC,2025,9-4,TBD,N/A,109,60,49,72.47706422018348,30.0,27.522935779816518
Maine,CAA,2022,2-9,TBD,N/A,106,26,80,99.05660377358492,1.0,0.9433962264150944
Maine,CAA,2023,2-9,TBD,N/A,44,6,35,97.72727272727272,1.0,2.272727272727273
Maine,CAA,2024,5-7,TBD,N/A,47,12,34,93.61702127659576,3.0,6.382978723404255
Maine,CAA,2025,6-6,TBD,N/A,95,55,40,93.6842105263158,6.0,6.315789473684211
Marist,Pioneer,2022,4-7,TBD,N/A,107,58,49,100.0,0.0,0.0
Marist,Pioneer,2023,4-7,TBD,N/A,35,17,15,100.0,0.0,0.0
Marist,Pioneer,2024,1-10,TBD,N/A,28,17,9,96.42857142857144,1.0,3.571428571428571
Marist,Pioneer,2025,5-7,TBD,N/A,104,76,28,100.0,0.0,0.0
Mars Hill,South Atlantic,2022,7-3,TBD,N/A,19,0,2,100.0,0.0,0.0
Marshall,Sun Belt,2022,9-4,TBD,N/A,124,34,90,89.51612903225806,13.0,10.483870967741936
Marshall,Sun Belt,2023,6-7,TBD,N/A,126,43,82,91.26984126984128,11.0,8.73015873015873
Marshall,Sun Belt,2024,10-3,TBD,N/A,117,52,64,76.06837606837607,28.0,23.93162393162393
Marshall,Sun Belt,2025,5-7,TBD,N/A,106,55,51,50.943396226415096,52.0,49.0566037735849
Maryland,Big Ten,2022,8-5,TBD,N/A,118,17,101,94.91525423728814,6.0,5.084745762711865
Maryland,Big Ten,2023,8-5,TBD,N/A,117,31,86,91.45299145299144,10.0,8.547008547008547
Maryland,Big Ten,2024,4-8,TBD,N/A,119,56,63,93.27731092436974,8.0,6.722689075630252
Maryland,Big Ten,2025,4-8,TBD,N/A,105,75,30,85.71428571428572,15.0,14.285714285714285
Massachusetts,FBS Independents,2022,1-11,TBD,N/A,107,24,83,82.24299065420561,19.0,17.75700934579439
Massachusetts,FBS Independents,2023,3-9,TBD,N/A,110,25,83,80.9090909090909,21.0,19.090909090909093
Massachusetts,FBS Independents,2024,2-10,TBD,N/A,111,33,76,73.87387387387388,29.0,26.126126126126124
Massachusetts,Mid-American,2025,0-12,TBD,N/A,98,42,55,64.28571428571428,35.0,35.714285714285715
McKendree,Great Lakes,2022,5-6,TBD,N/A,12,0,0,100.0,0.0,0.0
McKendree,Great Lakes,2024,5-6,TBD,N/A,15,1,0,100.0,0.0,0.0
McKendree,Great Lakes,2025,4-6,TBD,N/A,15,1,0,100.0,0.0,0.0
McNeese,Southland,2022,4-7,TBD,N/A,114,59,54,95.6140350877193,5.0,4.385964912280701
McNeese,Southland,2023,1-10,TBD,N/A,47,15,25,95.74468085106383,2.0,4.25531914893617
McNeese,Southland,2024,6-6,TBD,N/A,53,13,37,77.35849056603773,12.0,22.641509433962263
McNeese,Southland,2025,5-7,TBD,N/A,112,65,47,94.64285714285714,6.0,5.357142857142857
Memphis,American Athletic,2022,7-6,TBD,N/A,115,29,86,90.43478260869566,11.0,9.565217391304348
Memphis,American Athletic,2023,10-3,TBD,N/A,116,38,78,83.62068965517241,19.0,16.379310344827587
Memphis,American Athletic,2024,11-2,TBD,25,131,49,80,77.09923664122138,30.0,22.900763358778622
Memphis,American Athletic,2025,8-5,TBD,N/A,121,65,56,70.24793388429752,36.0,29.75206611570248
Mercer,Southern,2022,7-4,TBD,N/A,115,50,64,98.2608695652174,2.0,1.7391304347826086
Mercer,Southern,2023,9-4,TBD,N/A,48,11,34,95.83333333333331,2.0,4.166666666666666
Mercer,Southern,2024,11-3,TBD,N/A,50,18,29,86.0,7.0,14.000000000000002
Mercer,Southern,2025,9-3,TBD,N/A,100,58,42,92.0,8.0,8.0
Mercyhurst,NEC,2024,4-7,TBD,N/A,49,10,19,100.0,0.0,0.0
Mercyhurst,NEC,2025,5-7,TBD,N/A,118,63,55,100.0,0.0,0.0
Merrimack,NEC,2022,8-3,TBD,N/A,103,51,52,99.02912621359224,1.0,0.9708737864077668
Merrimack,NEC,2023,5-6,TBD,N/A,53,25,28,98.1132075471698,1.0,1.8867924528301887
Merrimack,FCS Independents,2024,5-6,TBD,N/A,56,26,26,100.0,0.0,0.0
Merrimack,FCS Independents,2025,4-8,TBD,N/A,108,61,47,98.14814814814817,2.0,1.851851851851852
Miami,ACC,2022,5-7,TBD,N/A,120,27,93,90.83333333333331,11.0,9.166666666666666
Miami,ACC,2023,7-6,TBD,N/A,107,30,76,85.98130841121495,15.0,14.018691588785046
Miami,ACC,2024,10-3,TBD,15,126,64,58,88.88888888888889,14.0,11.11111111111111
Miami,ACC,2025,13-3,TBD,2,122,77,44,85.24590163934427,18.0,14.754098360655735
Miami (OH),Mid-American,2022,6-7,TBD,N/A,116,29,87,93.10344827586206,8.0,6.896551724137931
Miami (OH),Mid-American,2023,11-3,TBD,N/A,118,35,83,96.61016949152544,4.0,3.389830508474576
Miami (OH),Mid-American,2024,9-5,TBD,N/A,116,50,65,95.6896551724138,5.0,4.310344827586207
Miami (OH),Mid-American,2025,7-7,TBD,N/A,112,76,36,85.71428571428572,16.0,14.285714285714285
Michigan,Big Ten,2022,13-1,TBD,4,141,3,137,97.87234042553192,3.0,2.127659574468085
Michigan,Big Ten,2023,15-0,TBD,2,144,18,125,93.75,9.0,6.25
Michigan,Big Ten,2024,8-5,TBD,N/A,139,40,98,94.96402877697842,7.0,5.035971223021583
Michigan,Big Ten,2025,9-4,TBD,21,119,51,68,85.71428571428572,17.0,14.285714285714285
Michigan State,Big Ten,2022,5-7,TBD,N/A,113,14,99,91.15044247787613,10.0,8.849557522123893
Michigan State,Big Ten,2023,4-8,TBD,N/A,117,28,89,88.03418803418803,14.0,11.965811965811966
Michigan State,Big Ten,2024,5-7,TBD,N/A,118,53,65,79.66101694915254,24.0,20.33898305084746
Michigan State,Big Ten,2025,4-8,TBD,N/A,120,64,55,80.83333333333333,23.0,19.166666666666668
Michigan Tech,GLIAC,2022,4-7,TBD,N/A,13,0,1,100.0,0.0,0.0
Middle Tennessee,Conference USA,2022,8-5,TBD,N/A,107,31,76,90.65420560747664,10.0,9.345794392523365
Middle Tennessee,Conference USA,2023,4-8,TBD,N/A,117,34,82,92.3076923076923,9.0,7.6923076923076925
Middle Tennessee,Conference USA,2024,3-9,TBD,N/A,118,47,71,89.83050847457628,12.0,10.16949152542373
Middle Tennessee,Conference USA,2025,3-9,TBD,N/A,113,67,44,89.38053097345133,12.0,10.619469026548671
Miles College,SIAC,2022,1-9,TBD,N/A,25,0,2,100.0,0.0,0.0
Miles College,SIAC,2023,7-3,TBD,N/A,22,0,3,100.0,0.0,0.0
Miles College,SIAC,2024,10-3,TBD,N/A,14,2,3,100.0,0.0,0.0
Miles College,SIAC,2025,3-8,TBD,N/A,19,1,0,100.0,0.0,0.0
Minnesota,Big Ten,2022,9-4,TBD,N/A,109,14,95,92.6605504587156,8.0,7.339449541284404
Minnesota,Big Ten,2023,6-7,TBD,N/A,115,35,80,91.30434782608695,10.0,8.695652173913043
Minnesota,Big Ten,2024,8-5,TBD,N/A,115,51,64,89.56521739130434,12.0,10.434782608695652
Minnesota,Big Ten,2025,8-5,TBD,N/A,110,66,44,80.9090909090909,21.0,19.090909090909093
Mississippi College,Gulf South,2022,4-7,TBD,N/A,11,0,0,100.0,0.0,0.0
Mississippi State,SEC,2022,9-4,TBD,23,114,17,97,91.2280701754386,10.0,8.771929824561402
Mississippi State,SEC,2023,5-7,TBD,N/A,111,29,82,88.28828828828829,13.0,11.711711711711713
Mississippi State,SEC,2024,2-10,TBD,N/A,116,40,74,84.48275862068965,18.0,15.517241379310343
Mississippi State,SEC,2025,5-8,TBD,N/A,119,53,63,73.10924369747899,32.0,26.89075630252101
Mississippi Valley State,SWAC,2022,2-9,TBD,N/A,96,21,75,100.0,0.0,0.0
Mississippi Valley State,SWAC,2023,1-10,TBD,N/A,33,8,13,93.93939393939394,2.0,6.0606060606060606
Mississippi Valley State,SWAC,2024,1-11,TBD,N/A,34,9,15,100.0,0.0,0.0
Mississippi Valley State,SWAC,2025,2-10,TBD,N/A,89,42,44,95.50561797752808,4.0,4.49438202247191
Missouri,SEC,2022,6-7,TBD,N/A,123,21,102,89.4308943089431,13.0,10.569105691056912
Missouri,SEC,2023,11-2,TBD,9,110,24,86,92.72727272727272,8.0,7.272727272727272
Missouri,SEC,2024,10-3,TBD,23,120,46,73,87.5,15.0,12.5
Missouri,SEC,2025,8-5,TBD,N/A,108,52,55,80.55555555555556,21.0,19.444444444444446
Missouri S&T,Great Lakes,2022,3-7,TBD,N/A,15,0,2,100.0,0.0,0.0
Missouri State,MVFC,2022,5-6,TBD,N/A,103,37,65,96.11650485436893,4.0,3.883495145631068
Missouri State,MVFC,2023,4-7,TBD,N/A,46,12,29,91.30434782608695,4.0,8.695652173913043
Missouri State,MVFC,2024,8-4,TBD,N/A,41,8,33,82.92682926829268,7.0,17.073170731707318
Missouri State,Conference USA,2025,7-6,TBD,N/A,105,58,47,85.71428571428572,15.0,14.285714285714285
Monmouth,CAA,2022,5-6,TBD,N/A,112,25,87,99.10714285714286,1.0,0.8928571428571428
Monmouth,CAA,2023,4-7,TBD,N/A,50,6,39,98.0,1.0,2.0
Monmouth,CAA,2024,6-6,TBD,N/A,41,15,23,92.6829268292683,3.0,7.317073170731707
Monmouth,CAA,2025,9-3,TBD,N/A,105,61,43,95.23809523809524,5.0,4.761904761904762
Montana,Big Sky,2022,8-5,TBD,N/A,108,60,48,98.14814814814817,2.0,1.851851851851852
Montana,Big Sky,2023,13-2,TBD,N/A,36,16,17,91.66666666666669,3.0,8.333333333333332
Montana,Big Sky,2024,9-5,TBD,N/A,37,22,14,75.67567567567568,9.0,24.324324324324326
Montana,Big Sky,2025,13-2,TBD,N/A,108,64,44,88.88888888888889,12.0,11.11111111111111
Montana State,Big Sky,2022,12-2,TBD,N/A,103,47,55,99.02912621359224,1.0,0.9708737864077668
Montana State,Big Sky,2023,8-4,TBD,N/A,37,12,24,91.89189189189187,3.0,8.108108108108109
Montana State,Big Sky,2024,15-1,TBD,N/A,54,27,26,94.44444444444444,3.0,5.555555555555555
Montana State,Big Sky,2025,14-2,TBD,N/A,104,78,26,97.1153846153846,3.0,2.8846153846153846
Morehead State,Pioneer,2022,2-9,TBD,N/A,105,56,47,100.0,0.0,0.0
Morehead State,Pioneer,2023,4-7,TBD,N/A,36,15,18,100.0,0.0,0.0
Morehead State,Pioneer,2024,7-5,TBD,N/A,44,16,18,97.72727272727272,1.0,2.272727272727273
Morehead State,Pioneer,2025,6-6,TBD,N/A,121,80,41,99.17355371900828,1.0,0.8264462809917356
Morehouse College,SIAC,2022,1-9,TBD,N/A,11,1,1,100.0,0.0,0.0
Morehouse College,SIAC,2023,1-9,TBD,N/A,11,1,0,100.0,0.0,0.0
Morehouse College,SIAC,2024,1-9,TBD,N/A,14,0,0,100.0,0.0,0.0
Morehouse College,SIAC,2025,3-7,TBD,N/A,16,0,0,100.0,0.0,0.0
Morgan State,MEAC,2022,4-7,TBD,N/A,85,45,37,100.0,0.0,0.0
Morgan State,MEAC,2023,4-6,TBD,N/A,58,20,27,96.55172413793105,2.0,3.4482758620689653
Morgan State,MEAC,2024,6-6,TBD,N/A,58,23,25,94.82758620689656,3.0,5.172413793103448
Morgan State,MEAC,2025,4-8,TBD,N/A,112,59,49,98.21428571428572,2.0,1.7857142857142856
Murray State,OVC,2022,2-9,TBD,N/A,108,62,46,99.07407407407408,1.0,0.9259259259259258
Murray State,MVFC,2023,2-9,TBD,N/A,51,22,21,100.0,0.0,0.0
Murray State,MVFC,2024,1-11,TBD,N/A,55,26,25,74.54545454545455,14.0,25.454545454545453
Murray State,MVFC,2025,1-11,TBD,N/A,111,79,31,97.29729729729728,3.0,2.702702702702702
NC State,ACC,2022,8-5,TBD,14,121,28,93,98.34710743801652,2.0,1.6528925619834711
NC State,ACC,2023,9-4,TBD,21,127,41,81,95.2755905511811,6.0,4.724409448818897
NC State,ACC,2024,6-7,TBD,N/A,124,63,60,87.90322580645162,15.0,12.096774193548388
NC State,ACC,2025,8-5,TBD,N/A,126,86,39,85.71428571428572,18.0,14.285714285714285
Navy,American Athletic,2022,4-8,TBD,N/A,179,46,132,100.0,0.0,0.0
Navy,American Athletic,2023,5-7,TBD,N/A,171,30,141,100.0,0.0,0.0
Navy,American Athletic,2024,10-3,TBD,N/A,185,81,104,100.0,0.0,0.0
Navy,American Athletic,2025,11-2,TBD,23,194,121,73,100.0,0.0,0.0
Nebraska,Big Ten,2022,4-8,TBD,N/A,151,38,113,90.06622516556291,15.0,9.933774834437086
Nebraska,Big Ten,2023,5-7,TBD,N/A,136,54,82,90.44117647058825,13.0,9.558823529411764
Nebraska,Big Ten,2024,7-6,TBD,N/A,152,88,63,94.73684210526316,8.0,5.263157894736842
Nebraska,Big Ten,2025,7-6,TBD,N/A,125,91,34,88.0,15.0,12.0
Nevada,Mountain West,2022,2-10,TBD,N/A,114,20,94,85.96491228070175,16.0,14.035087719298245
Nevada,Mountain West,2023,2-10,TBD,N/A,114,31,83,88.59649122807018,13.0,11.403508771929824
Nevada,Mountain West,2024,3-10,TBD,N/A,110,37,73,80.0,22.0,20.0
Nevada,Mountain West,2025,3-9,TBD,N/A,107,56,51,81.30841121495327,20.0,18.69158878504673
New Hampshire,CAA,2022,9-4,TBD,N/A,102,43,59,100.0,0.0,0.0
New Hampshire,CAA,2023,6-5,TBD,N/A,44,17,26,100.0,0.0,0.0
New Hampshire,CAA,2024,8-5,TBD,N/A,50,20,27,100.0,0.0,0.0
New Hampshire,CAA,2025,8-5,TBD,N/A,106,64,41,98.1132075471698,2.0,1.8867924528301887
New Haven,NEC,2025,5-5,TBD,N/A,150,72,74,98.66666666666669,2.0,1.3333333333333337
New Mexico,Mountain West,2022,2-10,TBD,N/A,119,32,86,94.11764705882354,7.0,5.88235294117647
New Mexico,Mountain West,2023,4-8,TBD,N/A,117,33,84,88.03418803418803,14.0,11.965811965811966
New Mexico,Mountain West,2024,5-7,TBD,N/A,111,30,81,74.77477477477478,28.0,25.225225225225223
New Mexico,Mountain West,2025,9-4,TBD,N/A,109,52,57,67.88990825688073,35.0,32.11009174311927
New Mexico State,FBS Independents,2022,7-6,TBD,N/A,129,37,90,93.02325581395348,9.0,6.976744186046512
New Mexico State,Conference USA,2023,10-5,TBD,N/A,127,42,85,94.48818897637796,7.0,5.511811023622047
New Mexico State,Conference USA,2024,3-9,TBD,N/A,115,44,71,88.69565217391305,13.0,11.304347826086955
New Mexico State,Conference USA,2025,4-8,TBD,N/A,108,47,61,80.55555555555556,21.0,19.444444444444446
Nicholls,Southland,2022,3-8,TBD,N/A,115,81,34,99.1304347826087,1.0,0.8695652173913043
Nicholls,Southland,2023,7-5,TBD,N/A,49,25,14,100.0,0.0,0.0
Nicholls,Southland,2024,4-8,TBD,N/A,60,32,7,96.66666666666669,2.0,3.333333333333333
Nicholls,Southland,2025,4-8,TBD,N/A,55,19,7,92.72727272727272,4.0,7.272727272727272
Norfolk State,MEAC,2022,2-9,TBD,N/A,111,56,55,97.29729729729728,3.0,2.702702702702702
Norfolk State,MEAC,2023,3-8,TBD,N/A,57,14,32,100.0,0.0,0.0
Norfolk State,MEAC,2024,4-8,TBD,N/A,46,8,29,95.65217391304348,2.0,4.3478260869565215
Norfolk State,MEAC,2025,1-11,TBD,N/A,102,39,63,93.1372549019608,7.0,6.862745098039216
North Alabama,Atlantic Sun,2022,1-10,TBD,N/A,108,59,49,100.0,0.0,0.0
North Alabama,UAC,2023,3-8,TBD,N/A,49,18,25,93.87755102040816,3.0,6.122448979591836
North Alabama,UAC,2024,3-9,TBD,N/A,47,16,28,82.97872340425532,8.0,17.02127659574468
North Alabama,UAC,2025,2-10,TBD,N/A,120,71,46,92.5,9.0,7.5
North American University,,2022,,,,16,0,0,100.0,0.0,0.0
North American University,,2023,,,,24,0,0,100.0,0.0,0.0
North American University,,2024,,,,16,0,0,100.0,0.0,0.0
North Carolina,ACC,2022,9-5,TBD,N/A,118,18,99,95.76271186440678,5.0,4.23728813559322
North Carolina,ACC,2023,8-5,TBD,N/A,120,34,86,91.66666666666669,10.0,8.333333333333332
North Carolina,ACC,2024,6-7,TBD,N/A,121,60,61,91.73553719008264,10.0,8.264462809917356
North Carolina,ACC,2025,4-8,TBD,N/A,109,73,35,64.22018348623854,39.0,35.77981651376147
North Carolina A&T,Big South,2022,7-4,TBD,N/A,101,50,51,97.02970297029702,3.0,2.9702970297029703
North Carolina A&T,CAA,2023,1-10,TBD,N/A,48,15,29,95.83333333333331,2.0,4.166666666666666
North Carolina A&T,CAA,2024,1-11,TBD,N/A,51,18,31,94.11764705882354,3.0,5.88235294117647
North Carolina A&T,CAA,2025,2-10,TBD,N/A,101,58,43,98.01980198019804,2.0,1.98019801980198
North Carolina Central,MEAC,2022,10-2,TBD,N/A,109,64,44,99.08256880733946,1.0,0.9174311926605504
North Carolina Central,MEAC,2023,9-3,TBD,N/A,48,24,21,95.83333333333331,2.0,4.166666666666666
North Carolina Central,MEAC,2024,8-3,TBD,N/A,51,24,8,90.19607843137254,5.0,9.803921568627452
North Carolina Central,MEAC,2025,8-4,TBD,N/A,48,22,2,100.0,0.0,0.0
North Central College,CCIW,2022,15-0,TBD,N/A,6,0,0,100.0,0.0,0.0
North Central College,CCIW,2023,14-1,TBD,N/A,8,2,0,100.0,0.0,0.0
North Dakota,MVFC,2022,7-5,TBD,N/A,108,43,65,100.0,0.0,0.0
North Dakota,MVFC,2023,7-5,TBD,N/A,49,16,33,100.0,0.0,0.0
North Dakota,MVFC,2024,5-7,TBD,N/A,51,23,26,96.07843137254902,2.0,3.92156862745098
North Dakota,MVFC,2025,8-6,TBD,N/A,107,66,41,92.5233644859813,8.0,7.476635514018691
North Dakota State,MVFC,2022,12-3,TBD,N/A,121,29,92,100.0,0.0,0.0
North Dakota State,MVFC,2023,11-4,TBD,N/A,41,9,31,95.1219512195122,2.0,4.878048780487805
North Dakota State,MVFC,2024,14-2,TBD,N/A,53,15,37,96.22641509433964,2.0,3.7735849056603774
North Dakota State,MVFC,2025,12-1,TBD,N/A,124,84,39,97.58064516129032,3.0,2.419354838709677
North Greenville,Gulf South,2022,3-8,TBD,N/A,15,0,2,100.0,0.0,0.0
North Greenville,Gulf South,2023,5-5,TBD,N/A,14,0,1,100.0,0.0,0.0
North Greenville,Gulf South,2024,5-5,TBD,N/A,15,2,1,100.0,0.0,0.0
North Texas,Conference USA,2022,7-7,TBD,N/A,115,34,80,91.30434782608695,10.0,8.695652173913043
North Texas,American Athletic,2023,5-7,TBD,N/A,120,46,74,91.66666666666669,10.0,8.333333333333332
North Texas,American Athletic,2024,6-7,TBD,N/A,122,61,59,79.50819672131148,25.0,20.49180327868853
North Texas,American Athletic,2025,12-2,TBD,24,115,69,44,70.43478260869566,34.0,29.565217391304348
Northeastern State,Independent DII,2025,7-3,TBD,N/A,12,1,0,91.66666666666669,1.0,8.333333333333332
Northern Arizona,Big Sky,2022,3-8,TBD,N/A,112,55,57,98.21428571428572,2.0,1.7857142857142856
Northern Arizona,Big Sky,2023,5-6,TBD,N/A,50,14,30,90.0,5.0,10.0
Northern Arizona,Big Sky,2024,8-5,TBD,N/A,55,13,32,83.63636363636364,9.0,16.363636363636363
Northern Arizona,Big Sky,2025,7-5,TBD,N/A,113,66,47,96.46017699115043,4.0,3.5398230088495577
Northern Colorado,Big Sky,2022,3-8,TBD,N/A,105,47,58,97.14285714285714,3.0,2.857142857142857
Northern Colorado,Big Sky,2023,0-11,TBD,N/A,50,16,28,96.0,2.0,4.0
Northern Colorado,Big Sky,2024,1-11,TBD,N/A,53,16,30,98.1132075471698,1.0,1.8867924528301887
Northern Colorado,Big Sky,2025,4-8,TBD,N/A,111,52,58,96.3963963963964,4.0,3.603603603603604
Northern Illinois,Mid-American,2022,3-9,TBD,N/A,120,31,89,97.5,3.0,2.5
Northern Illinois,Mid-American,2023,7-6,TBD,N/A,122,41,80,96.72131147540983,4.0,3.278688524590164
Northern Illinois,Mid-American,2024,8-5,TBD,N/A,122,56,65,95.08196721311477,6.0,4.918032786885246
Northern Illinois,Mid-American,2025,3-9,TBD,N/A,113,74,38,95.57522123893806,5.0,4.424778761061947
Northern Iowa,MVFC,2022,6-5,TBD,N/A,113,50,63,95.57522123893806,5.0,4.424778761061947
Northern Iowa,MVFC,2023,6-5,TBD,N/A,39,12,26,89.74358974358975,4.0,10.256410256410255
Northern Iowa,MVFC,2024,3-9,TBD,N/A,39,14,24,89.74358974358975,4.0,10.256410256410255
Northern Iowa,MVFC,2025,3-9,TBD,N/A,117,74,42,96.58119658119658,4.0,3.418803418803419
Northern Michigan,GLIAC,2025,3-8,TBD,N/A,11,0,0,100.0,0.0,0.0
Northern State,Northern Sun,2024,6-5,TBD,N/A,14,4,0,92.85714285714286,1.0,7.142857142857142
Northwestern,Big Ten,2022,1-11,TBD,N/A,108,6,102,94.44444444444444,6.0,5.555555555555555
Northwestern,Big Ten,2023,8-5,TBD,N/A,103,24,79,97.0873786407767,3.0,2.912621359223301
Northwestern,Big Ten,2024,4-8,TBD,N/A,111,48,63,94.5945945945946,6.0,5.405405405405405
Northwestern,Big Ten,2025,7-6,TBD,N/A,112,66,45,87.5,14.0,12.5
Northwestern (IA),,2023,,,,14,0,2,100.0,0.0,0.0
Northwestern State,Southland,2022,4-7,TBD,N/A,111,59,52,97.29729729729728,3.0,2.702702702702702
Northwestern State,Southland,2023,0-11,TBD,N/A,51,20,24,98.03921568627452,1.0,1.96078431372549
Northwestern State,Southland,2024,0-12,TBD,N/A,49,22,21,93.87755102040816,3.0,6.122448979591836
Northwestern State,Southland,2025,1-11,TBD,N/A,100,69,31,93.0,7.0,7.000000000000001
Notre Dame,FBS Independents,2022,9-4,TBD,N/A,113,9,104,96.46017699115043,4.0,3.5398230088495577
Notre Dame,FBS Independents,2023,10-3,TBD,16,117,20,97,94.01709401709402,7.0,5.982905982905983
Notre Dame,FBS Independents,2024,14-2,TBD,3,121,47,74,92.56198347107438,9.0,7.43801652892562
Notre Dame,FBS Independents,2025,10-2,TBD,10,114,69,45,92.98245614035088,8.0,7.017543859649122
Ohio,Mid-American,2022,10-4,TBD,N/A,118,20,98,97.45762711864408,3.0,2.5423728813559325
Ohio,Mid-American,2023,10-3,TBD,N/A,119,39,80,96.63865546218489,4.0,3.361344537815126
Ohio,Mid-American,2024,11-3,TBD,N/A,117,49,68,82.05128205128204,21.0,17.94871794871795
Ohio,Mid-American,2025,9-4,TBD,N/A,112,54,58,81.25,21.0,18.75
Ohio State,Big Ten,2022,11-2,TBD,3,121,12,108,97.5206611570248,3.0,2.479338842975207
Ohio State,Big Ten,2023,11-2,TBD,6,124,11,112,93.5483870967742,8.0,6.451612903225806
Ohio State,Big Ten,2024,14-2,TBD,6,123,35,88,94.3089430894309,7.0,5.691056910569105
Ohio State,Big Ten,2025,12-2,TBD,5,121,66,55,90.9090909090909,11.0,9.090909090909092
Oklahoma,Big 12,2022,6-7,TBD,N/A,120,10,109,86.66666666666667,16.0,13.333333333333334
Oklahoma,Big 12,2023,10-3,TBD,12,125,36,89,85.6,18.0,14.4
Oklahoma,SEC,2024,6-7,TBD,N/A,126,60,65,87.3015873015873,16.0,12.698412698412698
Oklahoma,SEC,2025,10-3,TBD,13,112,68,43,82.14285714285714,20.0,17.857142857142858
Oklahoma State,Big 12,2022,7-6,TBD,7,129,26,103,96.12403100775194,5.0,3.875968992248062
Oklahoma State,Big 12,2023,10-4,TBD,19,126,41,85,89.68253968253968,13.0,10.317460317460316
Oklahoma State,Big 12,2024,3-9,TBD,N/A,142,71,71,94.3661971830986,8.0,5.633802816901409
Oklahoma State,Big 12,2025,1-11,TBD,N/A,115,60,55,65.21739130434783,40.0,34.78260869565217
Old Dominion,Sun Belt,2022,3-9,TBD,N/A,116,30,84,97.41379310344828,3.0,2.586206896551724
Old Dominion,Sun Belt,2023,6-7,TBD,N/A,117,41,76,94.87179487179488,6.0,5.128205128205128
Old Dominion,Sun Belt,2024,5-7,TBD,N/A,107,41,66,85.98130841121495,15.0,14.018691588785046
Old Dominion,Sun Belt,2025,10-3,TBD,N/A,113,73,40,89.38053097345133,12.0,10.619469026548671
Ole Miss,SEC,2022,8-5,TBD,9,132,21,111,87.12121212121212,17.0,12.87878787878788
Ole Miss,SEC,2023,11-2,TBD,11,129,35,94,80.62015503875969,25.0,19.379844961240316
Ole Miss,SEC,2024,10-3,TBD,16,134,52,82,81.34328358208955,25.0,18.65671641791045
Ole Miss,SEC,2025,13-2,TBD,3,119,71,48,76.47058823529412,28.0,23.52941176470588
Oregon,Pac-12,2022,10-3,TBD,12,128,31,96,90.625,12.0,9.375
Oregon,Pac-12,2023,12-2,TBD,5,128,45,83,88.28125,15.0,11.71875
Oregon,Big Ten,2024,13-1,TBD,1,126,60,66,88.88888888888889,14.0,11.11111111111111
Oregon,Big Ten,2025,13-2,TBD,4,112,71,41,90.17857142857144,11.0,9.821428571428571
Oregon State,Pac-12,2022,10-3,TBD,N/A,121,24,97,98.34710743801652,2.0,1.6528925619834711
Oregon State,Pac-12,2023,8-5,TBD,21,127,32,93,94.48818897637796,7.0,5.511811023622047
Oregon State,Pac-12,2024,5-7,TBD,N/A,114,46,68,85.96491228070175,16.0,14.035087719298245
Oregon State,Pac-12,2025,2-10,TBD,N/A,115,64,51,87.82608695652173,14.0,12.173913043478262
Pace,Northeast 10,2025,0-11,TBD,N/A,13,0,0,100.0,0.0,0.0
Penn State,Big Ten,2022,11-2,TBD,10,122,15,106,97.54098360655738,3.0,2.459016393442623
Penn State,Big Ten,2023,10-3,TBD,10,125,36,89,95.2,6.0,4.8
Penn State,Big Ten,2024,13-3,TBD,5,125,56,69,95.2,6.0,4.8
Penn State,Big Ten,2025,7-6,TBD,N/A,127,81,46,93.7007874015748,8.0,6.299212598425196
Pennsylvania,Ivy,2022,8-2,TBD,N/A,114,23,91,100.0,0.0,0.0
Pennsylvania,Ivy,2023,6-4,TBD,N/A,30,6,20,100.0,0.0,0.0
Pennsylvania,Ivy,2024,4-6,TBD,N/A,29,8,19,96.55172413793105,1.0,3.4482758620689653
Pennsylvania,Ivy,2025,6-4,TBD,N/A,103,56,47,100.0,0.0,0.0
Pittsburgh,ACC,2022,9-4,TBD,N/A,116,12,104,93.96551724137932,7.0,6.0344827586206895
Pittsburgh,ACC,2023,3-9,TBD,N/A,117,31,86,94.01709401709402,7.0,5.982905982905983
Pittsburgh,ACC,2024,7-6,TBD,N/A,118,52,66,88.13559322033899,14.0,11.864406779661016
Pittsburgh,ACC,2025,8-5,TBD,N/A,116,70,46,87.06896551724138,15.0,12.93103448275862
Point University,,2024,,,,15,0,0,100.0,0.0,0.0
Portland State,Big Sky,2022,4-7,TBD,N/A,115,67,46,96.52173913043478,4.0,3.4782608695652173
Portland State,Big Sky,2023,5-6,TBD,N/A,53,24,18,92.45283018867924,4.0,7.547169811320755
Portland State,Big Sky,2024,3-8,TBD,N/A,43,21,7,81.3953488372093,8.0,18.6046511627907
Portland State,Big Sky,2025,1-11,TBD,N/A,46,17,1,93.47826086956522,3.0,6.521739130434782
Post University,Independent DII,2022,0-9,TBD,N/A,17,0,2,100.0,0.0,0.0
Post University,Independent DII,2023,1-8,TBD,N/A,13,2,2,100.0,0.0,0.0
Prairie View A&M,SWAC,2022,6-5,TBD,N/A,105,45,57,100.0,0.0,0.0
Prairie View A&M,SWAC,2023,6-6,TBD,N/A,58,19,24,100.0,0.0,0.0
Prairie View A&M,SWAC,2024,5-7,TBD,N/A,58,18,22,93.10344827586206,4.0,6.896551724137931
Prairie View A&M,SWAC,2025,10-4,TBD,N/A,112,39,70,81.25,21.0,18.75
Presbyterian,Pioneer,2022,1-10,TBD,N/A,121,72,49,100.0,0.0,0.0
Presbyterian,Pioneer,2023,4-7,TBD,N/A,32,11,17,100.0,0.0,0.0
Presbyterian,Pioneer,2024,6-6,TBD,N/A,41,16,20,97.5609756097561,1.0,2.4390243902439024
Presbyterian,Pioneer,2025,10-2,TBD,N/A,122,69,53,100.0,0.0,0.0
Princeton,Ivy,2022,8-2,TBD,N/A,123,29,94,100.0,0.0,0.0
Princeton,Ivy,2023,5-5,TBD,N/A,35,9,26,100.0,0.0,0.0
Princeton,Ivy,2024,3-7,TBD,N/A,39,16,23,100.0,0.0,0.0
Princeton,Ivy,2025,3-7,TBD,N/A,117,59,58,99.14529914529916,1.0,0.8547008547008548
Purdue,Big Ten,2022,8-6,TBD,N/A,116,23,93,91.3793103448276,10.0,8.620689655172415
Purdue,Big Ten,2023,4-8,TBD,N/A,117,39,78,87.17948717948718,15.0,12.82051282051282
Purdue,Big Ten,2024,1-11,TBD,N/A,121,62,59,85.12396694214875,18.0,14.87603305785124
Purdue,Big Ten,2025,2-10,TBD,N/A,121,79,42,57.85123966942149,51.0,42.14876033057851
Rhode Island,CAA,2022,7-4,TBD,N/A,91,47,44,98.9010989010989,1.0,1.098901098901099
Rhode Island,CAA,2023,6-5,TBD,N/A,40,21,15,90.0,4.0,10.0
Rhode Island,CAA,2024,11-3,TBD,N/A,44,21,19,88.63636363636364,5.0,11.363636363636363
Rhode Island,CAA,2025,11-3,TBD,N/A,104,57,46,89.42307692307692,11.0,10.576923076923077
Rice,Conference USA,2022,5-8,TBD,N/A,108,25,83,93.51851851851852,7.0,6.481481481481481
Rice,American Athletic,2023,6-7,TBD,N/A,111,33,78,95.49549549549548,5.0,4.504504504504505
Rice,American Athletic,2024,4-8,TBD,N/A,121,45,76,91.73553719008264,10.0,8.264462809917356
Rice,American Athletic,2025,5-8,TBD,N/A,107,58,48,89.7196261682243,11.0,10.2803738317757
Richmond,CAA,2022,9-4,TBD,N/A,90,22,68,100.0,0.0,0.0
Richmond,CAA,2023,9-4,TBD,N/A,48,14,34,100.0,0.0,0.0
Richmond,CAA,2024,10-3,TBD,N/A,38,10,28,100.0,0.0,0.0
Richmond,Patriot,2025,7-5,TBD,N/A,90,48,42,96.66666666666669,3.0,3.333333333333333
Robert Morris,Big South,2022,0-11,TBD,N/A,102,29,73,100.0,0.0,0.0
Robert Morris,Big South-OVC,2023,4-7,TBD,N/A,58,11,36,94.82758620689656,3.0,5.172413793103448
Robert Morris,NEC,2024,7-5,TBD,N/A,45,10,28,97.77777777777776,1.0,2.2222222222222223
Robert Morris,NEC,2025,3-9,TBD,N/A,106,59,45,92.45283018867924,8.0,7.547169811320755
Roosevelt,GLIAC,2024,1-9,TBD,N/A,12,0,0,100.0,0.0,0.0
Rutgers,Big Ten,2022,4-8,TBD,N/A,130,12,118,94.6153846153846,7.0,5.384615384615385
Rutgers,Big Ten,2023,7-6,TBD,N/A,131,19,112,94.65648854961832,7.0,5.343511450381679
Rutgers,Big Ten,2024,7-6,TBD,N/A,135,46,89,95.55555555555556,6.0,4.444444444444445
Rutgers,Big Ten,2025,5-7,TBD,N/A,133,63,70,85.71428571428572,19.0,14.285714285714285
SE Louisiana,Southland,2022,9-4,TBD,N/A,107,40,65,99.06542056074768,1.0,0.9345794392523364
SE Louisiana,Southland,2023,3-8,TBD,N/A,49,16,31,95.91836734693878,2.0,4.081632653061225
SE Louisiana,Southland,2024,7-5,TBD,N/A,49,18,24,97.95918367346938,1.0,2.0408163265306123
SE Louisiana,Southland,2025,9-4,TBD,N/A,101,55,45,100.0,0.0,0.0
SMU,American Athletic,2022,7-6,TBD,N/A,132,35,97,87.87878787878788,16.0,12.12121212121212
SMU,American Athletic,2023,11-3,TBD,25,126,39,86,79.36507936507937,26.0,20.634920634920636
SMU,ACC,2024,11-3,TBD,12,126,55,70,84.12698412698413,20.0,15.873015873015872
SMU,ACC,2025,9-4,TBD,N/A,118,68,49,83.05084745762713,20.0,16.94915254237288
Sacramento State,Big Sky,2022,12-1,TBD,N/A,115,44,71,98.2608695652174,2.0,1.7391304347826086
Sacramento State,Big Sky,2023,8-5,TBD,N/A,47,14,31,97.87234042553192,1.0,2.127659574468085
Sacramento State,Big Sky,2024,3-9,TBD,N/A,59,24,26,86.4406779661017,8.0,13.559322033898304
Sacramento State,Big Sky,2025,7-5,TBD,N/A,112,53,59,65.17857142857143,39.0,34.82142857142857
Sacred Heart,NEC,2022,5-6,TBD,N/A,159,53,106,100.0,0.0,0.0
Sacred Heart,NEC,2023,2-9,TBD,N/A,40,2,36,100.0,0.0,0.0
Sacred Heart,FCS Independents,2024,5-6,TBD,N/A,36,2,30,94.44444444444444,2.0,5.555555555555555
Sacred Heart,FCS Independents,2025,8-4,TBD,N/A,150,73,77,99.33333333333331,1.0,0.6666666666666667
Saginaw Valley State,GLIAC,2025,6-5,TBD,N/A,16,1,1,93.75,1.0,6.25
Sam Houston,Western Athletic,2022,5-4,TBD,N/A,115,38,76,87.82608695652173,14.0,12.173913043478262
Sam Houston,Conference USA,2023,3-9,TBD,N/A,113,36,75,95.57522123893806,5.0,4.424778761061947
Sam Houston,Conference USA,2024,10-3,TBD,N/A,118,47,70,89.83050847457628,12.0,10.16949152542373
Sam Houston,Conference USA,2025,2-10,TBD,N/A,105,49,56,75.23809523809524,26.0,24.761904761904763
Samford,Southern,2022,11-2,TBD,N/A,121,49,71,96.69421487603306,4.0,3.3057851239669422
Samford,Southern,2023,6-5,TBD,N/A,55,18,33,98.1818181818182,1.0,1.818181818181818
Samford,Southern,2024,4-7,TBD,N/A,55,17,35,87.27272727272728,7.0,12.727272727272728
Samford,Southern,2025,1-11,TBD,N/A,108,72,36,89.81481481481481,11.0,10.185185185185183
San Diego,Pioneer,2022,5-5,TBD,N/A,99,38,61,97.97979797979798,2.0,2.0202020202020203
San Diego,Pioneer,2023,4-7,TBD,N/A,36,6,27,100.0,0.0,0.0
San Diego,Pioneer,2024,8-3,TBD,N/A,33,10,21,90.9090909090909,3.0,9.090909090909092
San Diego,Pioneer,2025,8-4,TBD,N/A,107,61,46,96.26168224299066,4.0,3.738317757009345
San Diego State,Mountain West,2022,7-6,TBD,N/A,117,33,84,94.87179487179488,6.0,5.128205128205128
San Diego State,Mountain West,2023,4-8,TBD,N/A,110,31,79,95.45454545454544,5.0,4.545454545454546
San Diego State,Mountain West,2024,3-9,TBD,N/A,109,38,71,77.98165137614679,24.0,22.01834862385321
San Diego State,Mountain West,2025,9-4,TBD,N/A,105,46,59,81.9047619047619,19.0,18.09523809523809
San José State,Mountain West,2022,7-5,TBD,N/A,106,25,81,92.45283018867924,8.0,7.547169811320755
San José State,Mountain West,2023,7-6,TBD,N/A,107,31,76,93.45794392523364,7.0,6.5420560747663545
San José State,Mountain West,2024,7-6,TBD,N/A,106,39,66,86.79245283018868,14.0,13.20754716981132
San José State,Mountain West,2025,3-9,TBD,N/A,103,50,53,87.37864077669903,13.0,12.62135922330097
Savannah St,SIAC,2023,2-8,TBD,N/A,11,0,0,100.0,0.0,0.0
Savannah St,SIAC,2024,5-5,TBD,N/A,15,1,3,100.0,0.0,0.0
Savannah St,SIAC,2025,4-6,TBD,N/A,22,2,0,90.9090909090909,2.0,9.090909090909092
Shorter,Gulf South,2023,3-8,TBD,N/A,15,0,2,100.0,0.0,0.0
Shorter,Gulf South,2024,3-5,TBD,N/A,14,0,0,100.0,0.0,0.0
Sioux Falls,Northern Sun,2024,8-3,TBD,N/A,15,1,0,100.0,0.0,0.0
South Alabama,Sun Belt,2022,10-3,TBD,N/A,115,24,91,86.95652173913044,15.0,13.043478260869565
South Alabama,Sun Belt,2023,7-6,TBD,N/A,119,32,86,92.43697478991596,9.0,7.563025210084033
South Alabama,Sun Belt,2024,7-6,TBD,N/A,122,60,62,87.70491803278688,15.0,12.295081967213116
South Alabama,Sun Belt,2025,4-8,TBD,N/A,117,72,44,80.34188034188034,23.0,19.65811965811966
South Carolina,SEC,2022,8-5,TBD,N/A,119,17,102,91.5966386554622,10.0,8.403361344537815
South Carolina,SEC,2023,5-7,TBD,N/A,116,29,87,91.3793103448276,10.0,8.620689655172415
South Carolina,SEC,2024,9-4,TBD,14,120,45,75,81.66666666666667,22.0,18.33333333333333
South Carolina,SEC,2025,4-8,TBD,N/A,114,66,48,84.21052631578948,18.0,15.789473684210526
South Carolina State,MEAC,2022,3-8,TBD,N/A,93,52,38,100.0,0.0,0.0
South Carolina State,MEAC,2023,5-6,TBD,N/A,58,22,18,100.0,0.0,0.0
South Carolina State,MEAC,2024,9-3,TBD,N/A,48,17,16,97.91666666666669,1.0,2.083333333333333
South Carolina State,MEAC,2025,10-3,TBD,N/A,58,15,18,91.3793103448276,5.0,8.620689655172415
South Dakota,MVFC,2022,3-8,TBD,N/A,110,56,54,97.27272727272728,3.0,2.727272727272727
South Dakota,MVFC,2023,10-3,TBD,N/A,41,19,20,100.0,0.0,0.0
South Dakota,MVFC,2024,11-3,TBD,N/A,43,18,24,93.02325581395348,3.0,6.976744186046512
South Dakota,MVFC,2025,10-5,TBD,N/A,101,64,37,88.11881188118812,12.0,11.88118811881188
South Dakota State,MVFC,2022,14-1,TBD,N/A,92,31,61,98.91304347826087,1.0,1.0869565217391304
South Dakota State,MVFC,2023,15-0,TBD,N/A,34,7,26,97.05882352941175,1.0,2.941176470588235
South Dakota State,MVFC,2024,12-3,TBD,N/A,56,17,36,96.42857142857144,2.0,3.571428571428571
South Dakota State,MVFC,2025,9-5,TBD,N/A,121,76,45,89.25619834710744,13.0,10.743801652892564
South Florida,American Athletic,2022,1-11,TBD,N/A,120,28,90,86.66666666666667,16.0,13.333333333333334
South Florida,American Athletic,2023,7-6,TBD,N/A,117,28,88,83.76068376068376,19.0,16.23931623931624
South Florida,American Athletic,2024,7-6,TBD,N/A,134,51,78,89.55223880597015,14.0,10.44776119402985
South Florida,American Athletic,2025,9-4,TBD,N/A,118,58,60,80.50847457627118,23.0,19.491525423728813
Southeast Missouri State,OVC,2022,9-3,TBD,N/A,107,38,69,100.0,0.0,0.0
Southeast Missouri State,Big South-OVC,2023,4-7,TBD,N/A,41,10,28,100.0,0.0,0.0
Southeast Missouri State,Big South-OVC,2024,9-4,TBD,N/A,47,11,30,93.61702127659576,3.0,6.382978723404255
Southeast Missouri State,Big South-OVC,2025,4-8,TBD,N/A,105,48,55,95.23809523809524,5.0,4.761904761904762
Southern,SWAC,2022,7-5,TBD,N/A,114,61,49,98.24561403508773,2.0,1.7543859649122806
Southern,SWAC,2023,6-5,TBD,N/A,38,15,13,100.0,0.0,0.0
Southern,SWAC,2024,8-5,TBD,N/A,39,18,3,89.74358974358975,4.0,10.256410256410255
Southern,SWAC,2025,2-10,TBD,N/A,51,12,1,96.07843137254902,2.0,3.92156862745098
Southern Connecticut State,Northeast 10,2022,3-8,TBD,N/A,17,0,1,100.0,0.0,0.0
Southern Connecticut State,Northeast 10,2025,4-6,TBD,N/A,13,1,0,100.0,0.0,0.0
Southern Illinois,MVFC,2022,5-6,TBD,N/A,119,55,64,94.95798319327731,6.0,5.042016806722689
Southern Illinois,MVFC,2023,8-5,TBD,N/A,49,14,32,95.91836734693878,2.0,4.081632653061225
Southern Illinois,MVFC,2024,4-8,TBD,N/A,51,17,28,88.23529411764706,6.0,11.76470588235294
Southern Illinois,MVFC,2025,7-5,TBD,N/A,109,65,44,97.24770642201835,3.0,2.752293577981652
Southern Miss,Sun Belt,2022,7-6,TBD,N/A,115,32,83,90.43478260869566,11.0,9.565217391304348
Southern Miss,Sun Belt,2023,3-9,TBD,N/A,108,36,72,92.5925925925926,8.0,7.4074074074074066
Southern Miss,Sun Belt,2024,1-11,TBD,N/A,115,49,66,85.21739130434783,17.0,14.782608695652174
Southern Miss,Sun Belt,2025,7-6,TBD,N/A,111,54,55,53.15315315315316,52.0,46.84684684684685
Southern Utah,Western Athletic,2022,5-6,TBD,N/A,117,54,61,99.14529914529916,1.0,0.8547008547008548
Southern Utah,UAC,2023,6-5,TBD,N/A,49,13,22,97.95918367346938,1.0,2.0408163265306123
Southern Utah,UAC,2024,7-5,TBD,N/A,54,21,24,92.5925925925926,4.0,7.4074074074074066
Southern Utah,UAC,2025,7-5,TBD,N/A,117,67,49,94.01709401709402,7.0,5.982905982905983
Southwest Baptist,Great Lakes,2022,6-5,TBD,N/A,13,0,0,100.0,0.0,0.0
Southwest Baptist,Great Lakes,2023,4-7,TBD,N/A,14,0,0,100.0,0.0,0.0
Southwest Minnesota State,Northern Sun,2023,2-9,TBD,N/A,14,0,0,100.0,0.0,0.0
St. Anselm,Northeast 10,2024,5-5,TBD,N/A,13,0,1,100.0,0.0,0.0
St. Anselm,Northeast 10,2025,5-5,TBD,N/A,15,0,0,100.0,0.0,0.0
St. Francis (PA),NEC,2022,9-3,TBD,N/A,118,68,50,100.0,0.0,0.0
St. Francis (PA),NEC,2023,4-6,TBD,N/A,47,19,23,100.0,0.0,0.0
St. Francis (PA),NEC,2024,4-7,TBD,N/A,50,21,19,100.0,0.0,0.0
St. Francis (PA),NEC,2025,0-11,TBD,N/A,110,81,21,100.0,0.0,0.0
St. Thomas (MN),Pioneer,2022,10-1,TBD,N/A,114,47,67,100.0,0.0,0.0
St. Thomas (MN),Pioneer,2023,8-3,TBD,N/A,40,14,22,100.0,0.0,0.0
St. Thomas (MN),Pioneer,2024,6-6,TBD,N/A,39,13,24,100.0,0.0,0.0
St. Thomas (MN),Pioneer,2025,7-5,TBD,N/A,114,70,44,100.0,0.0,0.0
St. Thomas University (Fl),,2022,,,,13,0,3,100.0,0.0,0.0
St. Thomas University (Fl),,2023,,,,9,0,2,100.0,0.0,0.0
Stanford,Pac-12,2022,3-9,TBD,N/A,109,19,90,99.08256880733946,1.0,0.9174311926605504
Stanford,Pac-12,2023,3-9,TBD,N/A,106,17,89,96.22641509433964,4.0,3.7735849056603774
Stanford,ACC,2024,3-9,TBD,N/A,109,41,68,96.3302752293578,4.0,3.669724770642202
Stanford,ACC,2025,4-8,TBD,N/A,108,58,50,84.25925925925927,17.0,15.74074074074074
Stephen F. Austin,Western Athletic,2022,6-5,TBD,N/A,108,58,49,98.14814814814817,2.0,1.851851851851852
Stephen F. Austin,UAC,2023,3-8,TBD,N/A,64,22,24,95.3125,3.0,4.6875
Stephen F. Austin,Southland,2024,7-5,TBD,N/A,54,25,18,72.22222222222223,15.0,27.77777777777778
Stephen F. Austin,Southland,2025,11-3,TBD,N/A,135,75,58,92.5925925925926,10.0,7.4074074074074066
Stetson,Pioneer,2022,4-6,TBD,N/A,113,70,43,99.1150442477876,1.0,0.8849557522123894
Stetson,Pioneer,2023,3-8,TBD,N/A,36,14,17,100.0,0.0,0.0
Stetson,Pioneer,2024,2-9,TBD,N/A,39,30,9,94.87179487179488,2.0,5.128205128205128
Stetson,Pioneer,2025,3-9,TBD,N/A,127,104,10,98.4251968503937,2.0,1.574803149606299
Stonehill,NEC,2022,4-5,TBD,N/A,113,29,84,100.0,0.0,0.0
Stonehill,NEC,2023,5-5,TBD,N/A,38,5,30,100.0,0.0,0.0
Stonehill,NEC,2024,1-10,TBD,N/A,35,8,24,100.0,0.0,0.0
Stonehill,NEC,2025,4-8,TBD,N/A,124,69,55,100.0,0.0,0.0
Stony Brook,CAA,2022,2-9,TBD,N/A,117,47,69,99.14529914529916,1.0,0.8547008547008548
Stony Brook,CAA,2023,0-10,TBD,N/A,42,11,29,83.33333333333334,7.0,16.666666666666664
Stony Brook,CAA,2024,8-4,TBD,N/A,44,14,28,97.72727272727272,1.0,2.272727272727273
Stony Brook,CAA,2025,6-6,TBD,N/A,100,52,48,96.0,4.0,4.0
Sul Ross State,Lone Star,2025,0-11,TBD,N/A,15,1,0,100.0,0.0,0.0
Syracuse,ACC,2022,7-6,TBD,22,108,33,75,91.66666666666669,9.0,8.333333333333332
Syracuse,ACC,2023,6-7,TBD,N/A,111,32,77,91.89189189189187,9.0,8.108108108108109
Syracuse,ACC,2024,10-3,TBD,22,107,42,65,82.24299065420561,19.0,17.75700934579439
Syracuse,ACC,2025,3-9,TBD,N/A,127,83,42,87.4015748031496,16.0,12.598425196850393
TCU,Big 12,2022,13-2,TBD,17,135,21,114,89.62962962962963,14.0,10.37037037037037
TCU,Big 12,2023,5-7,TBD,N/A,127,34,93,89.76377952755905,13.0,10.236220472440944
TCU,Big 12,2024,9-4,TBD,N/A,129,55,74,82.17054263565892,23.0,17.829457364341085
TCU,Big 12,2025,9-4,TBD,25,117,67,50,90.5982905982906,11.0,9.401709401709402
Tarleton State,Western Athletic,2022,6-5,TBD,N/A,109,64,43,98.1651376146789,2.0,1.834862385321101
Tarleton State,UAC,2023,8-3,TBD,N/A,47,17,14,95.74468085106383,2.0,4.25531914893617
Tarleton State,UAC,2024,10-4,TBD,N/A,52,26,4,96.15384615384616,2.0,3.8461538461538463
Tarleton State,UAC,2025,12-2,TBD,N/A,58,25,5,89.65517241379311,6.0,10.344827586206897
Taylor,,2022,,,,14,0,0,100.0,0.0,0.0
Taylor,,2023,,,,15,0,0,100.0,0.0,0.0
Temple,American Athletic,2022,3-9,TBD,N/A,114,31,83,89.47368421052632,12.0,10.526315789473683
Temple,American Athletic,2023,3-9,TBD,N/A,109,36,71,89.90825688073394,11.0,10.091743119266056
Temple,American Athletic,2024,3-9,TBD,N/A,115,49,63,86.95652173913044,15.0,13.043478260869565
Temple,American Athletic,2025,5-7,TBD,N/A,116,64,51,79.3103448275862,24.0,20.689655172413797
Tennessee,SEC,2022,11-2,TBD,8,125,9,116,93.6,8.0,6.4
Tennessee,SEC,2023,9-4,TBD,N/A,124,26,98,93.5483870967742,8.0,6.451612903225806
Tennessee,SEC,2024,10-3,TBD,7,123,51,72,92.6829268292683,9.0,7.317073170731707
Tennessee,SEC,2025,8-5,TBD,N/A,110,71,39,93.63636363636364,7.0,6.363636363636363
Tennessee State,OVC,2022,4-7,TBD,N/A,117,48,66,99.14529914529916,1.0,0.8547008547008548
Tennessee State,Big South-OVC,2023,6-5,TBD,N/A,47,15,26,97.87234042553192,1.0,2.127659574468085
Tennessee State,Big South-OVC,2024,9-4,TBD,N/A,34,10,21,67.64705882352942,11.0,32.35294117647059
Tennessee State,Big South-OVC,2025,2-10,TBD,N/A,101,69,31,88.11881188118812,12.0,11.88118811881188
Tennessee Tech,OVC,2022,4-7,TBD,N/A,109,53,56,99.08256880733946,1.0,0.9174311926605504
Tennessee Tech,Big South-OVC,2023,4-7,TBD,N/A,48,15,28,100.0,0.0,0.0
Tennessee Tech,Big South-OVC,2024,7-5,TBD,N/A,56,18,33,87.5,7.0,12.5
Tennessee Tech,Big South-OVC,2025,11-2,TBD,N/A,117,49,68,89.74358974358975,12.0,10.256410256410255
Texas,Big 12,2022,8-5,TBD,N/A,124,9,115,94.35483870967742,7.0,5.64516129032258
Texas,Big 12,2023,12-2,TBD,7,119,25,94,95.7983193277311,5.0,4.201680672268908
Texas,SEC,2024,13-3,TBD,4,117,45,72,91.45299145299144,10.0,8.547008547008547
Texas,SEC,2025,10-3,TBD,12,111,70,41,90.09009009009009,11.0,9.90990990990991
Texas A&M,SEC,2022,5-7,TBD,N/A,130,21,109,98.46153846153848,2.0,1.5384615384615383
Texas A&M,SEC,2023,7-6,TBD,N/A,133,28,105,90.22556390977444,13.0,9.774436090225564
Texas A&M,SEC,2024,8-5,TBD,N/A,142,55,87,81.69014084507042,26.0,18.30985915492958
Texas A&M,SEC,2025,11-2,TBD,8,133,74,59,90.22556390977444,13.0,9.774436090225564
Texas College,,2023,,,,11,0,0,100.0,0.0,0.0
Texas Southern,SWAC,2022,5-6,TBD,N/A,96,48,48,100.0,0.0,0.0
Texas Southern,SWAC,2023,3-8,TBD,N/A,61,24,30,96.72131147540983,2.0,3.278688524590164
Texas Southern,SWAC,2024,5-6,TBD,N/A,55,15,29,89.0909090909091,6.0,10.909090909090908
Texas Southern,SWAC,2025,6-5,TBD,N/A,70,21,27,94.28571428571428,4.0,5.714285714285714
Texas State,Sun Belt,2022,4-8,TBD,N/A,116,35,79,87.06896551724138,15.0,12.93103448275862
Texas State,Sun Belt,2023,8-5,TBD,N/A,126,38,83,70.63492063492063,37.0,29.365079365079367
Texas State,Sun Belt,2024,8-5,TBD,N/A,119,41,78,74.78991596638656,30.0,25.210084033613445
Texas State,Sun Belt,2025,7-6,TBD,N/A,112,61,51,69.64285714285714,34.0,30.35714285714285
Texas Tech,Big 12,2022,8-5,TBD,N/A,119,12,107,88.23529411764706,14.0,11.76470588235294
Texas Tech,Big 12,2023,7-6,TBD,N/A,122,32,88,94.2622950819672,7.0,5.737704918032787
Texas Tech,Big 12,2024,8-5,TBD,N/A,123,57,65,86.99186991869918,16.0,13.008130081300814
Texas Tech,Big 12,2025,12-2,TBD,7,111,62,49,81.08108108108108,21.0,18.91891891891892
Texas Wesleyan,,2025,,,,16,1,0,100.0,0.0,0.0
The Citadel,Southern,2022,4-7,TBD,N/A,115,56,59,99.1304347826087,1.0,0.8695652173913043
The Citadel,Southern,2023,0-11,TBD,N/A,54,14,33,100.0,0.0,0.0
The Citadel,Southern,2024,5-7,TBD,N/A,45,15,25,97.77777777777776,1.0,2.2222222222222223
The Citadel,Southern,2025,4-8,TBD,N/A,122,71,51,97.54098360655738,3.0,2.459016393442623
Thomas More College,Great Midwest Athletic,2025,1-10,TBD,N/A,19,2,0,100.0,0.0,0.0
Toledo,Mid-American,2022,9-5,TBD,N/A,100,21,79,93.0,7.0,7.000000000000001
Toledo,Mid-American,2023,11-3,TBD,23,118,36,82,97.45762711864408,3.0,2.5423728813559325
Toledo,Mid-American,2024,8-5,TBD,N/A,119,51,68,94.11764705882354,7.0,5.88235294117647
Toledo,Mid-American,2025,8-5,TBD,N/A,119,67,52,83.19327731092437,20.0,16.80672268907563
Towson,CAA,2022,6-5,TBD,N/A,105,42,63,97.14285714285714,3.0,2.857142857142857
Towson,CAA,2023,5-6,TBD,N/A,51,12,33,98.03921568627452,1.0,1.96078431372549
Towson,CAA,2024,7-5,TBD,N/A,44,15,24,93.1818181818182,3.0,6.8181818181818175
Towson,CAA,2025,6-6,TBD,N/A,106,65,41,93.39622641509432,7.0,6.60377358490566
Troy,Sun Belt,2022,12-2,TBD,N/A,124,29,95,95.96774193548389,5.0,4.032258064516129
Troy,Sun Belt,2023,11-3,TBD,N/A,119,35,84,93.27731092436974,8.0,6.722689075630252
Troy,Sun Belt,2024,4-8,TBD,N/A,121,50,71,91.73553719008264,10.0,8.264462809917356
Troy,Sun Belt,2025,8-6,TBD,N/A,107,52,55,96.26168224299066,4.0,3.738317757009345
Truman State,Great Lakes,2025,8-4,TBD,N/A,15,0,0,100.0,0.0,0.0
Tulane,American Athletic,2022,12-2,TBD,N/A,118,37,80,92.3728813559322,9.0,7.627118644067797
Tulane,American Athletic,2023,11-3,TBD,17,125,47,75,94.4,7.0,5.6000000000000005
Tulane,American Athletic,2024,9-5,TBD,N/A,120,53,67,81.66666666666667,22.0,18.33333333333333
Tulane,American Athletic,2025,11-3,TBD,18,117,78,39,74.35897435897436,30.0,25.64102564102564
Tulsa,American Athletic,2022,5-7,TBD,N/A,117,23,94,94.01709401709402,7.0,5.982905982905983
Tulsa,American Athletic,2023,4-8,TBD,N/A,121,38,81,93.38842975206612,8.0,6.6115702479338845
Tulsa,American Athletic,2024,3-9,TBD,N/A,124,66,56,90.3225806451613,12.0,9.67741935483871
Tulsa,American Athletic,2025,4-8,TBD,N/A,107,55,51,71.02803738317758,31.0,28.971962616822427
Tuskegee,SIAC,2022,8-3,TBD,N/A,15,2,2,93.33333333333331,1.0,6.666666666666667
Tuskegee,SIAC,2023,7-4,TBD,N/A,23,0,2,100.0,0.0,0.0
Tuskegee,SIAC,2024,5-6,TBD,N/A,22,1,1,100.0,0.0,0.0
Tuskegee,SIAC,2025,4-7,TBD,N/A,21,2,0,90.47619047619048,2.0,9.523809523809524
UAB,Conference USA,2022,7-6,TBD,N/A,124,34,90,98.38709677419357,2.0,1.6129032258064515
UAB,American Athletic,2023,4-8,TBD,N/A,117,42,75,94.01709401709402,7.0,5.982905982905983
UAB,American Athletic,2024,3-9,TBD,N/A,120,54,66,84.16666666666667,19.0,15.833333333333332
UAB,American Athletic,2025,4-8,TBD,N/A,106,58,48,72.64150943396227,29.0,27.358490566037734
UAlbany,CAA,2022,3-8,TBD,N/A,99,51,48,96.96969696969695,3.0,3.0303030303030303
UAlbany,CAA,2023,11-4,TBD,N/A,45,15,27,97.77777777777776,1.0,2.2222222222222223
UAlbany,CAA,2024,4-8,TBD,N/A,40,13,26,82.5,7.0,17.5
UAlbany,CAA,2025,2-10,TBD,N/A,99,47,52,100.0,0.0,0.0
UC Davis,Big Sky,2022,6-5,TBD,N/A,108,44,64,99.07407407407408,1.0,0.9259259259259258
UC Davis,Big Sky,2023,7-4,TBD,N/A,50,18,29,100.0,0.0,0.0
UC Davis,Big Sky,2024,11-3,TBD,N/A,44,17,25,97.72727272727272,1.0,2.272727272727273
UC Davis,Big Sky,2025,9-4,TBD,N/A,109,52,55,91.74311926605505,9.0,8.256880733944955
UCF,American Athletic,2022,9-5,TBD,N/A,116,12,104,87.93103448275862,14.0,12.06896551724138
UCF,Big 12,2023,6-7,TBD,N/A,122,26,95,85.24590163934427,18.0,14.754098360655735
UCF,Big 12,2024,4-8,TBD,N/A,119,41,76,78.99159663865547,25.0,21.008403361344534
UCF,Big 12,2025,5-7,TBD,N/A,112,52,60,66.07142857142857,38.0,33.92857142857143
UCLA,Pac-12,2022,9-4,TBD,18,113,8,105,88.49557522123894,13.0,11.50442477876106
UCLA,Pac-12,2023,8-5,TBD,N/A,124,32,92,88.70967741935485,14.0,11.29032258064516
UCLA,Big Ten,2024,5-7,TBD,N/A,120,41,79,82.5,21.0,17.5
UCLA,Big Ten,2025,3-9,TBD,N/A,107,58,49,71.96261682242991,30.0,28.03738317757009
UConn,FBS Independents,2022,6-7,TBD,N/A,102,16,86,91.17647058823528,9.0,8.823529411764707
UConn,FBS Independents,2023,3-9,TBD,N/A,112,32,80,89.28571428571429,12.0,10.714285714285714
UConn,FBS Independents,2024,9-4,TBD,N/A,112,49,62,78.57142857142857,24.0,21.428571428571427
UConn,FBS Independents,2025,9-4,TBD,N/A,118,68,50,80.50847457627118,23.0,19.491525423728813
UL Monroe,Sun Belt,2022,4-8,TBD,N/A,127,47,80,94.48818897637796,7.0,5.511811023622047
UL Monroe,Sun Belt,2023,2-10,TBD,N/A,116,36,77,93.96551724137932,7.0,6.0344827586206895
UL Monroe,Sun Belt,2024,5-7,TBD,N/A,122,44,78,86.88524590163934,16.0,13.114754098360656
UL Monroe,Sun Belt,2025,3-9,TBD,N/A,102,35,65,86.27450980392157,14.0,13.725490196078432
UNLV,Mountain West,2022,5-7,TBD,N/A,105,12,93,92.38095238095238,8.0,7.6190476190476195
UNLV,Mountain West,2023,9-5,TBD,N/A,110,21,89,91.8181818181818,9.0,8.181818181818182
UNLV,Mountain West,2024,11-3,TBD,24,115,43,70,83.47826086956522,19.0,16.52173913043478
UNLV,Mountain West,2025,10-4,TBD,N/A,110,54,56,63.63636363636363,40.0,36.36363636363637
USC,Pac-12,2022,11-3,TBD,6,110,8,102,81.81818181818181,20.0,18.181818181818183
USC,Pac-12,2023,8-5,TBD,N/A,110,18,92,85.45454545454545,16.0,14.545454545454543
USC,Big Ten,2024,7-6,TBD,N/A,106,40,66,84.90566037735849,16.0,15.09433962264151
USC,Big Ten,2025,9-4,TBD,20,114,71,43,86.84210526315789,15.0,13.157894736842104
UT Martin,OVC,2022,7-4,TBD,N/A,126,70,55,96.82539682539682,4.0,3.1746031746031744
UT Martin,Big South-OVC,2023,8-3,TBD,N/A,45,16,23,97.77777777777776,1.0,2.2222222222222223
UT Martin,Big South-OVC,2024,9-5,TBD,N/A,54,23,26,79.62962962962963,11.0,20.37037037037037
UT Martin,Big South-OVC,2025,6-6,TBD,N/A,122,63,57,93.44262295081968,8.0,6.557377049180328
UT Rio Grande Valley,Southland,2025,9-3,TBD,N/A,48,12,3,100.0,0.0,0.0
UTEP,Conference USA,2022,5-7,TBD,N/A,115,28,87,99.1304347826087,1.0,0.8695652173913043
UTEP,Conference USA,2023,3-9,TBD,N/A,122,40,82,98.36065573770492,2.0,1.639344262295082
UTEP,Conference USA,2024,3-9,TBD,N/A,111,47,62,75.67567567567568,27.0,24.324324324324326
UTEP,Conference USA,2025,2-10,TBD,N/A,120,68,52,78.33333333333333,26.0,21.666666666666668
UTSA,Conference USA,2022,11-3,TBD,N/A,112,16,96,91.96428571428572,9.0,8.035714285714286
UTSA,American Athletic,2023,9-4,TBD,N/A,115,29,85,93.04347826086956,8.0,6.956521739130435
UTSA,American Athletic,2024,7-6,TBD,N/A,119,41,77,87.39495798319328,15.0,12.605042016806722
UTSA,American Athletic,2025,7-6,TBD,N/A,120,61,59,83.33333333333334,20.0,16.666666666666664
UVA Wise,South Atlantic,2022,2-9,TBD,N/A,16,0,1,100.0,0.0,0.0
UVA Wise,South Atlantic,2024,4-6,TBD,N/A,12,2,0,100.0,0.0,0.0
University of Mount Union,Ohio,2022,14-1,TBD,N/A,12,0,0,100.0,0.0,0.0
Upper Iowa University,Great Lakes,2024,7-4,TBD,N/A,15,1,0,100.0,0.0,0.0
Upper Iowa University,Great Lakes,2025,9-3,TBD,N/A,15,1,0,93.33333333333331,1.0,6.666666666666667
Utah,Pac-12,2022,10-4,TBD,11,117,26,91,95.72649572649571,5.0,4.273504273504273
Utah,Pac-12,2023,8-5,TBD,N/A,122,38,84,92.62295081967213,9.0,7.377049180327869
Utah,Big 12,2024,5-7,TBD,N/A,110,42,67,90.0,11.0,10.0
Utah,Big 12,2025,11-2,TBD,14,116,77,39,81.89655172413794,21.0,18.103448275862068
Utah State,Mountain West,2022,6-7,TBD,N/A,106,26,80,92.45283018867924,8.0,7.547169811320755
Utah State,Mountain West,2023,6-7,TBD,N/A,111,37,74,93.69369369369367,7.0,6.306306306306306
Utah State,Mountain West,2024,4-8,TBD,N/A,108,36,72,81.48148148148148,20.0,18.51851851851852
Utah State,Mountain West,2025,6-7,TBD,N/A,109,61,48,77.98165137614679,24.0,22.01834862385321
Utah Tech,Western Athletic,2022,4-7,TBD,N/A,117,65,51,98.2905982905983,2.0,1.7094017094017095
Utah Tech,UAC,2023,2-9,TBD,N/A,42,18,19,100.0,0.0,0.0
Utah Tech,UAC,2024,1-11,TBD,N/A,50,21,23,84.0,8.0,16.0
Utah Tech,UAC,2025,2-10,TBD,N/A,109,64,45,91.74311926605505,9.0,8.256880733944955
VMI,Southern,2022,1-10,TBD,N/A,119,60,59,100.0,0.0,0.0
VMI,Southern,2023,5-6,TBD,N/A,40,16,22,100.0,0.0,0.0
VMI,Southern,2024,1-11,TBD,N/A,50,30,15,100.0,0.0,0.0
VMI,Southern,2025,1-11,TBD,N/A,118,94,24,100.0,0.0,0.0
Valdosta State,Gulf South,2025,6-5,TBD,N/A,14,3,0,64.28571428571428,5.0,35.714285714285715
Valparaiso,Pioneer,2022,5-7,TBD,N/A,118,55,62,100.0,0.0,0.0
Valparaiso,Pioneer,2023,3-8,TBD,N/A,39,17,19,100.0,0.0,0.0
Valparaiso,Pioneer,2024,4-7,TBD,N/A,28,15,12,100.0,0.0,0.0
Valparaiso,Pioneer,2025,2-10,TBD,N/A,119,81,38,100.0,0.0,0.0
Vanderbilt,SEC,2022,5-7,TBD,N/A,109,6,103,94.4954128440367,6.0,5.504587155963304
Vanderbilt,SEC,2023,2-10,TBD,N/A,114,10,104,97.36842105263158,3.0,2.631578947368421
Vanderbilt,SEC,2024,7-6,TBD,N/A,120,28,92,81.66666666666667,22.0,18.33333333333333
Vanderbilt,SEC,2025,10-3,TBD,15,113,41,72,82.30088495575221,20.0,17.699115044247787
Villanova,CAA,2022,6-5,TBD,N/A,90,18,72,98.88888888888889,1.0,1.1111111111111112
Villanova,CAA,2023,10-3,TBD,N/A,46,12,33,100.0,0.0,0.0
Villanova,CAA,2024,10-4,TBD,N/A,42,19,22,100.0,0.0,0.0
Villanova,CAA,2025,12-3,TBD,N/A,95,50,44,96.84210526315788,3.0,3.1578947368421053
Virginia,ACC,2022,3-7,TBD,N/A,123,7,116,91.869918699187,10.0,8.130081300813007
Virginia,ACC,2023,3-9,TBD,N/A,126,11,115,93.65079365079364,8.0,6.349206349206349
Virginia,ACC,2024,5-7,TBD,N/A,128,30,94,89.84375,13.0,10.15625
Virginia,ACC,2025,11-3,TBD,16,123,44,79,74.79674796747967,31.0,25.203252032520325
Virginia St,CIAA,2023,8-2,TBD,N/A,15,0,0,100.0,0.0,0.0
Virginia St,CIAA,2024,7-4,TBD,N/A,13,2,2,100.0,0.0,0.0
Virginia St,CIAA,2025,6-4,TBD,N/A,18,2,0,100.0,0.0,0.0
Virginia Tech,ACC,2022,3-8,TBD,N/A,125,20,105,96.0,5.0,4.0
Virginia Tech,ACC,2023,7-6,TBD,N/A,125,42,80,92.8,9.0,7.199999999999999
Virginia Tech,ACC,2024,6-7,TBD,N/A,112,43,69,93.75,7.0,6.25
Virginia Tech,ACC,2025,3-9,TBD,N/A,113,62,50,73.45132743362831,30.0,26.548672566371685
Virginia Union,CIAA,2024,10-4,TBD,N/A,12,0,1,91.66666666666669,1.0,8.333333333333332
Virginia University Of Lynchburg,,2022,,,,39,0,0,100.0,0.0,0.0
Virginia University Of Lynchburg,,2023,,,,40,0,1,100.0,0.0,0.0
Virginia University Of Lynchburg,,2024,,,,29,0,0,100.0,0.0,0.0
Virginia University Of Lynchburg,,2025,,,,27,0,0,100.0,0.0,0.0
Wabash College,North Coast,2023,7-3,TBD,N/A,12,0,1,100.0,0.0,0.0
Wagner,NEC,2022,1-10,TBD,N/A,108,36,72,99.07407407407408,1.0,0.9259259259259258
Wagner,NEC,2023,4-7,TBD,N/A,60,15,39,98.33333333333331,1.0,1.6666666666666667
Wagner,NEC,2024,4-8,TBD,N/A,57,12,37,96.49122807017544,2.0,3.508771929824561
Wagner,NEC,2025,5-7,TBD,N/A,150,94,55,99.33333333333331,1.0,0.6666666666666667
Wake Forest,ACC,2022,8-5,TBD,15,121,23,98,96.69421487603306,4.0,3.3057851239669422
Wake Forest,ACC,2023,4-8,TBD,N/A,124,43,81,97.58064516129032,3.0,2.419354838709677
Wake Forest,ACC,2024,4-8,TBD,N/A,123,58,64,95.9349593495935,5.0,4.065040650406504
Wake Forest,ACC,2025,9-4,TBD,N/A,121,70,51,72.72727272727273,33.0,27.27272727272727
Warner University,,2022,,,,14,0,2,100.0,0.0,0.0
Warner University,,2024,,,,14,0,1,100.0,0.0,0.0
Warner University,,2025,,,,18,1,0,100.0,0.0,0.0
Washington,Pac-12,2022,11-2,TBD,21,117,26,91,92.3076923076923,9.0,7.6923076923076925
Washington,Pac-12,2023,14-1,TBD,3,119,42,77,91.5966386554622,10.0,8.403361344537815
Washington,Big Ten,2024,6-7,TBD,N/A,110,48,62,75.45454545454545,27.0,24.545454545454547
Washington,Big Ten,2025,9-4,TBD,N/A,105,63,42,82.85714285714286,18.0,17.142857142857142
Washington State,Pac-12,2022,7-6,TBD,N/A,121,31,90,92.56198347107438,9.0,7.43801652892562
Washington State,Pac-12,2023,5-7,TBD,N/A,125,47,77,92.8,9.0,7.199999999999999
Washington State,Pac-12,2024,8-5,TBD,N/A,122,66,56,90.1639344262295,12.0,9.836065573770492
Washington State,Pac-12,2025,7-6,TBD,N/A,119,78,41,71.42857142857143,34.0,28.57142857142857
Webber International,,2023,,,,16,1,0,100.0,0.0,0.0
Webber International,,2025,,,,17,0,0,100.0,0.0,0.0
Weber State,Big Sky,2022,10-3,TBD,N/A,105,33,72,100.0,0.0,0.0
Weber State,Big Sky,2023,6-5,TBD,N/A,49,13,33,95.91836734693878,2.0,4.081632653061225
Weber State,Big Sky,2024,4-8,TBD,N/A,48,16,29,89.58333333333333,5.0,10.416666666666668
Weber State,Big Sky,2025,4-8,TBD,N/A,106,65,41,93.39622641509432,7.0,6.60377358490566
West Florida,Gulf South,2023,8-4,TBD,N/A,14,3,1,100.0,0.0,0.0
West Georgia,UAC,2024,4-7,TBD,N/A,30,9,15,90.0,3.0,10.0
West Georgia,UAC,2025,8-3,TBD,N/A,135,78,43,96.29629629629628,5.0,3.7037037037037033
West Liberty,Mountain East,2025,3-8,TBD,N/A,14,1,0,100.0,0.0,0.0
West Virginia,Big 12,2022,5-7,TBD,N/A,112,27,84,90.17857142857144,11.0,9.821428571428571
West Virginia,Big 12,2023,9-4,TBD,N/A,117,38,79,88.03418803418803,14.0,11.965811965811966
West Virginia,Big 12,2024,6-7,TBD,N/A,130,65,63,90.0,13.0,10.0
West Virginia,Big 12,2025,4-8,TBD,N/A,125,56,69,59.2,51.0,40.8
West Virginia State,Mountain East,2023,4-6,TBD,N/A,16,0,2,100.0,0.0,0.0
West Virginia Wesleyan,Mountain East,2024,0-11,TBD,N/A,14,0,1,100.0,0.0,0.0
Western Carolina,Southern,2022,6-5,TBD,N/A,127,54,67,99.21259842519684,1.0,0.7874015748031495
Western Carolina,Southern,2023,7-4,TBD,N/A,57,17,38,98.24561403508773,1.0,1.7543859649122806
Western Carolina,Southern,2024,7-5,TBD,N/A,51,23,23,100.0,0.0,0.0
Western Carolina,Southern,2025,7-5,TBD,N/A,120,83,37,95.83333333333331,5.0,4.166666666666666
Western Connecticut St,Landmark Conference,2025,5-5,TBD,N/A,11,0,0,100.0,0.0,0.0
Western Illinois,MVFC,2022,0-11,TBD,N/A,113,32,81,97.34513274336284,3.0,2.6548672566371683
Western Illinois,MVFC,2023,0-11,TBD,N/A,47,10,24,100.0,0.0,0.0
Western Illinois,Big South-OVC,2024,4-8,TBD,N/A,53,13,31,90.56603773584904,5.0,9.433962264150944
Western Illinois,Big South-OVC,2025,4-8,TBD,N/A,111,60,50,97.29729729729728,3.0,2.702702702702702
Western Kentucky,Conference USA,2022,9-5,TBD,N/A,113,26,86,87.61061946902655,14.0,12.389380530973453
Western Kentucky,Conference USA,2023,8-5,TBD,N/A,116,31,83,89.65517241379311,12.0,10.344827586206897
Western Kentucky,Conference USA,2024,8-6,TBD,N/A,113,35,78,81.41592920353982,21.0,18.58407079646018
Western Kentucky,Conference USA,2025,9-4,TBD,N/A,104,47,57,59.61538461538461,42.0,40.38461538461539
Western Michigan,Mid-American,2022,5-7,TBD,N/A,112,28,84,95.53571428571428,5.0,4.464285714285714
Western Michigan,Mid-American,2023,4-8,TBD,N/A,108,36,72,94.44444444444444,6.0,5.555555555555555
Western Michigan,Mid-American,2024,6-7,TBD,N/A,113,48,64,90.26548672566372,11.0,9.734513274336283
Western Michigan,Mid-American,2025,10-4,TBD,N/A,107,49,56,78.50467289719626,23.0,21.49532710280374
Western New Mexico,Lone Star,2022,6-5,TBD,N/A,14,1,1,92.85714285714286,1.0,7.142857142857142
Western Oregon,Lone Star,2022,6-5,TBD,N/A,12,0,0,100.0,0.0,0.0
Western Oregon,Lone Star,2023,3-8,TBD,N/A,11,0,0,100.0,0.0,0.0
Western Oregon,Lone Star,2024,6-5,TBD,N/A,18,1,0,100.0,0.0,0.0
Western Oregon,Lone Star,2025,8-3,TBD,N/A,15,1,0,100.0,0.0,0.0
Wheeling,Mountain East,2024,6-5,TBD,N/A,11,0,1,100.0,0.0,0.0
William & Mary,CAA,2022,11-2,TBD,N/A,93,32,61,100.0,0.0,0.0
William & Mary,CAA,2023,6-5,TBD,N/A,40,15,25,100.0,0.0,0.0
William & Mary,CAA,2024,7-5,TBD,N/A,50,26,24,96.0,2.0,4.0
William & Mary,CAA,2025,7-5,TBD,N/A,102,62,40,96.07843137254902,4.0,3.92156862745098
William Jewell,Great Lakes,2022,2-9,TBD,N/A,16,0,2,100.0,0.0,0.0
Wilson,South Atlantic,2022,4-7,TBD,N/A,16,0,0,100.0,0.0,0.0
Wilson,South Atlantic,2023,6-5,TBD,N/A,9,0,0,100.0,0.0,0.0
Winston-Salem,CIAA,2022,3-6,TBD,N/A,12,1,0,100.0,0.0,0.0
Winston-Salem,CIAA,2023,4-6,TBD,N/A,16,1,1,100.0,0.0,0.0
Winston-Salem,CIAA,2024,7-3,TBD,N/A,16,2,0,100.0,0.0,0.0
Wisconsin,Big Ten,2022,7-6,TBD,N/A,120,15,105,95.0,6.0,5.0
Wisconsin,Big Ten,2023,7-6,TBD,N/A,122,29,93,88.52459016393442,14.0,11.475409836065571
Wisconsin,Big Ten,2024,5-7,TBD,N/A,121,51,68,86.77685950413223,16.0,13.223140495867767
Wisconsin,Big Ten,2025,4-8,TBD,N/A,116,62,54,84.48275862068965,18.0,15.517241379310343
Wisconsin-Stevens Pt,Wisconsin,2023,1-9,TBD,N/A,17,0,0,100.0,0.0,0.0
Wofford,Southern,2022,3-8,TBD,N/A,113,41,72,100.0,0.0,0.0
Wofford,Southern,2023,2-9,TBD,N/A,53,15,34,100.0,0.0,0.0
Wofford,Southern,2024,5-7,TBD,N/A,45,22,21,93.33333333333331,3.0,6.666666666666667
Wofford,Southern,2025,6-6,TBD,N/A,125,99,25,95.2,6.0,4.8
Wyoming,Mountain West,2022,7-6,TBD,N/A,114,35,79,97.36842105263158,3.0,2.631578947368421
Wyoming,Mountain West,2023,9-4,TBD,N/A,117,40,77,97.43589743589745,3.0,2.564102564102564
Wyoming,Mountain West,2024,3-9,TBD,N/A,120,59,61,97.5,3.0,2.5
Wyoming,Mountain West,2025,4-8,TBD,N/A,116,74,42,85.3448275862069,17.0,14.6551724137931
Yale,Ivy,2022,8-2,TBD,N/A,113,21,92,100.0,0.0,0.0
Yale,Ivy,2023,7-3,TBD,N/A,34,4,29,100.0,0.0,0.0
Yale,Ivy,2024,7-3,TBD,N/A,33,8,24,100.0,0.0,0.0
Yale,Ivy,2025,9-3,TBD,N/A,104,53,51,99.03846153846152,1.0,0.9615384615384616
Youngstown State,MVFC,2022,7-4,TBD,N/A,95,41,54,98.94736842105264,1.0,1.0526315789473684
Youngstown State,MVFC,2023,8-5,TBD,N/A,47,15,30,100.0,0.0,0.0
Youngstown State,MVFC,2024,4-8,TBD,N/A,43,13,25,81.3953488372093,8.0,18.6046511627907
Youngstown State,MVFC,2025,8-5,TBD,N/A,113,61,52,96.46017699115043,4.0,3.5398230088495577
